Outlet,Item,total_qty,mean_daily,std_daily,cv,zero_day_ratio,max_daily,trend_weekly_pct,weekend_ratio,momentum_30d,share_morning,share_evening,loyalty_share,avg_price,revenue_est
SHOP001,Air Mineral,325,1.1948529411764706,1.0443700502710302,0.8740573959191392,0.27205882352941174,5,-0.004210471087442696,0.9820622867833169,0.836923076923077,0.27384615384615385,0.4676923076923077,0.0,5000.0,1625000.0
SHOP001,Americano (Hot Arabica),340,1.25,1.1835266343085173,0.9468213074468139,0.30514705882352944,6,0.001179135507493716,1.096045197740113,0.9866666666666667,0.27058823529411763,0.42058823529411765,0.0,20000.0,6800000.0
SHOP001,Americano (Hot Houseblend),282,1.036764705882353,0.9993239496786736,0.9638869301865219,0.35294117647058826,6,0.002488732415739714,1.0913134484563056,0.8680851063829786,0.3049645390070922,0.450354609929078,0.0,20000.0,5640000.0
SHOP001,Americano (Ice Arabica),318,1.1691176470588236,1.0984959440527515,0.9395940150388314,0.3382352941176471,5,-0.0035601212071800304,1.1409080216419667,0.7983228511530398,0.29245283018867924,0.4119496855345912,0.0,20000.0,6360000.0
SHOP001,Americano (Ice Houseblend),329,1.2095588235294117,1.048554935338223,0.866890402468075,0.2757352941176471,5,-0.0017121193591781829,0.9654873958671426,0.9369807497467072,0.3100303951367781,0.4012158054711246,0.0,20000.0,6580000.0
SHOP001,Apple Pie Latte,305,1.1213235294117647,1.155225219207677,1.030233638113076,0.35661764705882354,7,-0.006633337737016667,1.3248292745780186,0.5648087431693989,0.26229508196721313,0.46229508196721314,0.03278688524590164,24000.0,7320000.0
SHOP001,Apple Pie Latte (Gedhe),319,1.1727941176470589,1.1677005377440532,0.995656884847594,0.31985294117647056,6,-0.005096908322714773,1.0867405867405868,0.9947753396029259,0.3166144200626959,0.4106583072100313,0.03134796238244514,30000.0,9570000.0
SHOP001,BLACK,285,1.0477941176470589,1.0296677727880672,0.9827004708714184,0.34558823529411764,5,-0.0036584559552757423,0.9706066291432144,0.5726315789473684,0.2912280701754386,0.47719298245614034,0.0,20000.0,5700000.0
SHOP001,BLACK (Arabica),314,1.1544117647058822,1.0352512942346572,0.8967781911841618,0.2977941176470588,5,0.0016013025721763584,1.1452593917710197,0.9817409766454354,0.29936305732484075,0.4299363057324841,0.0,20000.0,6280000.0
SHOP001,BLACK (Houseblend),354,1.3014705882352942,1.0732020048679536,0.8246071901810265,0.22794117647058823,6,0.005902454178316248,0.8862363689949896,0.9988700564971752,0.2909604519774011,0.4265536723163842,0.0,20000.0,7080000.0
SHOP001,Banana Bread (Chocolate),307,1.1286764705882353,1.1796315531601689,1.0451458712037978,0.35294117647058826,6,0.00393771254698407,0.9368747844084168,0.9745928338762216,0.31596091205211724,0.41368078175895767,0.0,12000.0,3684000.0
SHOP001,Banana Bread (Original),320,1.1764705882352942,1.042355596862903,0.8860022573334675,0.29411764705882354,6,0.005926805926805927,1.1141663766098155,0.935,0.296875,0.465625,0.0,12000.0,3840000.0
SHOP001,Basic Latte (Hot Arabica),322,1.1838235294117647,1.0758184701067544,0.9087659126367614,0.3125,5,-0.0004210637122029527,0.9797979797979799,0.9010351966873705,0.32919254658385094,0.40683229813664595,0.043478260869565216,23000.0,7406000.0
SHOP001,Basic Latte (Hot Houseblend),295,1.0845588235294117,0.9683505287548473,0.8928520129536219,0.3125,4,0.009547472962107109,1.0067155067155067,1.2293785310734464,0.288135593220339,0.4406779661016949,0.04067796610169491,23000.0,6785000.0
SHOP001,Basic Latte (Ice Arabica),348,1.2794117647058822,1.0825567263399847,0.8461362918519422,0.2426470588235294,5,-0.0005519474546023216,0.9339211513124556,1.0942528735632184,0.3045977011494253,0.42528735632183906,0.022988505747126436,23000.0,8004000.0
SHOP001,Basic Latte (Ice Houseblend),335,1.2316176470588236,1.0819510023348042,0.8784796198061694,0.29411764705882354,5,-0.0010995330144266309,1.1354515050167224,0.9472636815920398,0.3194029850746269,0.3940298507462687,0.07164179104477612,23000.0,7705000.0
SHOP001,Berry Cake,300,1.1029411764705883,1.059129857648873,0.9602777376016448,0.3602941176470588,5,0.0016013934932853865,0.9513174997045964,0.967111111111111,0.30666666666666664,0.4066666666666667,0.03333333333333333,24000.0,7200000.0
SHOP001,Biru,292,1.0735294117647058,1.0684812816025127,0.9952976321776831,0.34558823529411764,5,-0.010810810810810811,1.108149276466108,0.7452054794520548,0.2705479452054795,0.4143835616438356,0.0547945205479452,24000.0,7008000.0
SHOP001,Biru (Gedhe),332,1.2205882352941178,1.0654409227458796,0.8728913583942146,0.2757352941176471,5,0.003439336772670105,0.9823313940960998,1.1469879518072288,0.31626506024096385,0.37349397590361444,0.045180722891566265,30000.0,9960000.0
SHOP001,Black Rice (Hot),344,1.2647058823529411,1.076044595878042,0.8508259595314751,0.2867647058823529,5,0.0030195030195030188,1.107735401853049,1.1069767441860465,0.29069767441860467,0.42151162790697677,0.0436046511627907,23000.0,7912000.0
SHOP001,Black Rice (Ice),339,1.2463235294117647,1.108948103081799,0.8897754691393784,0.3161764705882353,4,0.0001753375247351158,0.9402751719824891,1.0430678466076697,0.31268436578171094,0.39823008849557523,0.029498525073746312,23000.0,7797000.0
SHOP001,Burnt Sugar,303,1.1139705882352942,1.1527889961841167,1.0348468876636294,0.36764705882352944,6,-0.0013115852042026534,1.2435897435897436,0.5386138613861385,0.30033003300330036,0.40924092409240925,0.0,12000.0,3636000.0
SHOP001,Butterscotch,335,1.2316176470588236,1.1794940469317363,0.9576787485535292,0.3125,6,0.0039831931723823604,0.9416482009074602,1.0825870646766167,0.28059701492537314,0.4537313432835821,0.041791044776119404,23000.0,7705000.0
SHOP001,Butterscotch Latte (Gedhe),307,1.1286764705882353,1.0369928305551768,0.9187688922182674,0.3161764705882353,5,0.010805339752708172,1.0976285060792101,1.0631921824104233,0.28664495114006516,0.4364820846905538,0.03908794788273615,30000.0,9210000.0
SHOP001,Candy Latte,311,1.1433823529411764,1.056158564151121,0.9237142426016236,0.30514705882352944,6,-0.0058374586061882465,0.9506552706552707,0.8745980707395499,0.2797427652733119,0.40514469453376206,0.04823151125401929,23000.0,7153000.0
SHOP001,Candy Latte (Gedhe),320,1.1764705882352942,1.0804570992189348,0.9183885343360946,0.29411764705882354,5,0.0004915212582944218,1.0189766180955608,0.9916666666666667,0.346875,0.3875,0.040625,30000.0,9600000.0
SHOP001,Cappuccino (Hot Arabica),317,1.1654411764705883,1.0494311257611255,0.9004582530190098,0.3014705882352941,5,0.0009595394210778833,1.0643335643335643,0.9438485804416404,0.2555205047318612,0.42586750788643535,0.04416403785488959,22000.0,6974000.0
SHOP001,Cappuccino (Hot Houseblend),316,1.161764705882353,1.0482519639527492,0.9022928297314803,0.3125,5,-0.0030473971842050014,1.1180898612091272,0.7459915611814346,0.31329113924050633,0.3924050632911392,0.04746835443037975,22000.0,6952000.0
SHOP001,Cappuccino (Ice Arabica),320,1.1764705882352942,1.0939832301998405,0.9298857456698644,0.3161764705882353,6,0.005342160681966507,1.1805506321635353,1.275,0.3125,0.39375,0.053125,22000.0,7040000.0
SHOP001,Cappuccino (Ice Houseblend),302,1.1102941176470589,1.0925738238460745,0.9840400002852061,0.35661764705882354,5,-0.0061079647286543855,0.9426296686570659,0.9607064017660043,0.27483443708609273,0.41721854304635764,0.039735099337748346,22000.0,6644000.0
SHOP001,Chamomile,298,1.0955882352941178,1.0209473431615612,0.9318714004696128,0.3272058823529412,5,0.0016688588117159551,0.8364953432218007,0.9736017897091721,0.3087248322147651,0.41946308724832215,0.0,20000.0,5960000.0
SHOP001,Chocolate (Gedhe),312,1.1470588235294117,1.0712102265573125,0.9338755821268878,0.2977941176470588,5,0.0041036511624746915,1.1054131054131053,0.9880341880341881,0.34294871794871795,0.3942307692307692,0.04487179487179487,30000.0,9360000.0
SHOP001,Chocolate (Hot),327,1.2022058823529411,1.1910800160657888,0.9907454567886684,0.3235294117647059,7,0.0006799252082270965,1.36735933892332,1.1367991845056067,0.327217125382263,0.3761467889908257,0.03669724770642202,25000.0,8175000.0
SHOP001,Chocolate (Ice),350,1.286764705882353,1.2361472894065926,0.9606630363388375,0.3161764705882353,8,0.008843424772628313,0.7977745524915335,1.0102857142857142,0.3028571428571429,0.4514285714285714,0.03142857142857143,25000.0,8750000.0
SHOP001,Cold Brew,323,1.1875,1.056209753845157,0.8894397927117111,0.29044117647058826,5,-5.2632964025368336e-05,1.0675062400726116,0.8982456140350877,0.2724458204334365,0.4520123839009288,0.04024767801857585,24000.0,7752000.0
SHOP001,Creamy Chocolate Cake,291,1.0698529411764706,1.028406809880699,0.961259973496736,0.35294117647058826,4,0.00017693634714911142,1.060708898944193,0.8723940435280642,0.33676975945017185,0.3848797250859107,0.01718213058419244,30000.0,8730000.0
SHOP001,Creamy Klepon,340,1.25,1.1520442189225817,0.9216353751380654,0.29044117647058826,7,8.846817357455583e-05,1.1736041736041736,0.8800000000000001,0.3,0.38529411764705884,0.047058823529411764,24000.0,8160000.0
SHOP001,Croffle,313,1.150735294117647,1.112793009895359,0.9670277913467656,0.3272058823529412,6,0.00407752665817182,0.868368700265252,0.5503727369542066,0.268370607028754,0.41533546325878595,0.05750798722044728,28000.0,8764000.0
SHOP001,Donat Polos,325,1.1948529411764706,1.119139628368805,0.9366337812809692,0.3088235294117647,5,-0.0009108009108009112,0.9820622867833169,0.5858461538461538,0.3261538461538461,0.42153846153846153,0.0,10000.0,3250000.0
SHOP001,Espresso Arabica (Basic Espresso),308,1.1323529411764706,1.113479070363879,0.9833321660356334,0.33455882352941174,6,0.007356468894930435,0.9791159067177168,1.1774891774891774,0.2987012987012987,0.4383116883116883,0.0,12000.0,3696000.0
SHOP001,Espresso Arabica (On The Rock),324,1.1911764705882353,1.1246875767646407,0.9441821632098218,0.3161764705882353,5,0.005608771963912149,1.192483315770987,0.9794238683127573,0.2623456790123457,0.4444444444444444,0.0,12000.0,3888000.0
SHOP001,Espresso Houseblend (Basic Espresso),336,1.2352941176470589,1.1162917479028438,0.903664748302302,0.2867647058823529,6,0.0002504821781930204,1.1781376518218623,1.1603174603174602,0.35119047619047616,0.3958333333333333,0.0,12000.0,4032000.0
SHOP001,Espresso Houseblend (On The Rock),322,1.1838235294117647,1.0551150333323915,0.8912772952372997,0.3014705882352941,5,-0.004024306275110134,0.8920263983555121,0.8728778467908903,0.2950310559006211,0.4192546583850932,0.0,12000.0,3864000.0
SHOP001,Extra Shot (Arabica),320,1.1764705882352942,1.0872411993690896,0.9241550194637261,0.3272058823529412,5,-0.0023721946798869868,0.829059829059829,0.8216666666666667,0.296875,0.41875,0.0,7000.0,2240000.0
SHOP001,Extra Shot (Houseblend),311,1.1433823529411764,1.0596338300593409,0.9267537034602595,0.31985294117647056,5,0.0009284863653795696,0.9971124971124972,0.9620578778135049,0.3086816720257235,0.43729903536977494,0.0,6000.0,1866000.0
SHOP001,Forbidden Berry,325,1.1948529411764706,1.1025918564469421,0.9227845690879024,0.3161764705882353,5,0.0008525876033762471,1.137633666781649,0.7532307692307693,0.3261538461538461,0.41846153846153844,0.024615384615384615,24000.0,7800000.0
SHOP001,Friendly Coffee (Gedhe),301,1.1066176470588236,0.9887382189290218,0.8934777260753951,0.30514705882352944,5,0.00811800811800812,1.0275671120741543,0.9337763012181617,0.31561461794019935,0.4152823920265781,0.03322259136212625,30000.0,9030000.0
SHOP001,Friendly Coffee (Hot double shot),320,1.1764705882352942,1.110659269911718,0.9440603794249602,0.33088235294117646,5,-0.007026500697386774,0.9434129089301503,0.5666666666666667,0.28125,0.4625,0.040625,23000.0,7360000.0
SHOP001,Friendly Coffee (Hot),338,1.2426470588235294,1.118009809552696,0.8997002017702169,0.3125,5,0.0034294112843961787,0.8095525389643037,1.1802761341222878,0.30177514792899407,0.4171597633136095,0.05029585798816568,23000.0,7774000.0
SHOP001,Friendly Coffee (Ice double shot),304,1.1176470588235294,1.0714120941227638,0.9586318736887887,0.34558823529411764,5,0.0007813699088866869,0.9496503496503497,0.8350877192982457,0.3059210526315789,0.45723684210526316,0.03289473684210526,23000.0,6992000.0
SHOP001,Friendly Coffee (Ice),343,1.2610294117647058,1.0786479004997855,0.8553709298423956,0.2757352941176471,5,0.009450009450009452,1.1124093908904036,1.110204081632653,0.2594752186588921,0.46938775510204084,0.04081632653061224,23000.0,7889000.0
SHOP001,Green Apple,338,1.2426470588235294,1.1912445514313503,0.9586346686074771,0.3088235294117647,6,0.0017605963551909512,0.9163292847503375,1.0729783037475344,0.2869822485207101,0.4260355029585799,0.0,21000.0,7098000.0
SHOP001,Green Thai Tea,323,1.1875,1.1203949868107177,0.9434905152090254,0.3382352941176471,5,0.0067617383911313615,0.7521712158808934,1.0947368421052632,0.28173374613003094,0.4117647058823529,0.0,21000.0,6783000.0
SHOP001,Green Thai Tea (Gedhe),322,1.1838235294117647,1.1453371317340235,0.9674897510299826,0.3235294117647059,6,0.0046025706403064895,0.7421422663358147,0.8728778467908903,0.3198757763975155,0.42857142857142855,0.027950310559006212,30000.0,9660000.0
SHOP001,Gula Gula,314,1.1544117647058822,1.0770239256080525,0.9329634005267207,0.3272058823529412,5,0.009315009315009315,1.3039581777445854,0.8084925690021232,0.2961783439490446,0.4585987261146497,0.0,12000.0,3768000.0
SHOP001,Happy Moca (Hot),326,1.1985294117647058,1.0312745750453407,0.8604499521850696,0.29044117647058826,5,-0.0007214202797799009,1.0847170450694679,1.0012269938650307,0.27607361963190186,0.3834355828220859,0.03067484662576687,30000.0,9780000.0
SHOP001,Happy Moca (Ice),301,1.1066176470588236,1.053544591722346,0.952040295509894,0.33088235294117646,6,-0.008372579801151232,0.7963337831758884,0.9036544850498338,0.27906976744186046,0.42524916943521596,0.026578073089700997,30000.0,9030000.0
SHOP001,Hazelnut Latte,307,1.1286764705882353,1.1981853981207984,1.0615844569669615,0.38235294117647056,5,-0.0007434841871927987,1.131607728764127,0.738327904451683,0.2768729641693811,0.44299674267100975,0.03257328990228013,23000.0,7061000.0
SHOP001,Hazelnut Latte (Gedhe),349,1.2830882352941178,1.0799002641215656,0.8416414665933118,0.25735294117647056,5,0.002871002871002871,1.114586658155123,1.0651384909264565,0.2922636103151863,0.4269340974212034,0.025787965616045846,30000.0,10470000.0
SHOP001,Jasmine (Hot),365,1.3419117647058822,1.1101175843297242,0.827265706678589,0.22058823529411764,6,0.0098650686885981,1.058994391025641,1.3910502283105024,0.3013698630136986,0.4273972602739726,0.0,21000.0,7665000.0
SHOP001,Jasmine (Ice),320,1.1764705882352942,1.0528836658628675,0.8949511159834374,0.30514705882352944,5,0.012394306324018787,0.7746952501050862,0.9633333333333333,0.2625,0.4625,0.0,21000.0,6720000.0
SHOP001,Jus Semangka,359,1.3198529411764706,1.2294977365802897,0.9315414605845093,0.2977941176470588,7,0.003260253260253262,1.1277898889234923,0.7324048282265553,0.2924791086350975,0.45403899721448465,0.04456824512534819,22000.0,7898000.0
SHOP001,Lemon Tea (Hot),314,1.1544117647058822,1.0458508812177503,0.90595999901665,0.33088235294117646,4,0.0016686727213043,0.9532361911216537,0.8951167728237793,0.2802547770700637,0.4394904458598726,0.0,21000.0,6594000.0
SHOP001,Lemon Tea (Ice),312,1.1470588235294117,1.1083202165539277,0.9662278810982959,0.33088235294117646,5,-0.0018751783457665817,0.9926411406232034,0.900854700854701,0.2948717948717949,0.4198717948717949,0.0,21000.0,6552000.0
SHOP001,Lemons,344,1.2647058823529411,1.076044595878042,0.8508259595314751,0.26838235294117646,4,-0.007202257202257201,0.9627791563275435,0.8434108527131783,0.2936046511627907,0.44476744186046513,0.0,20000.0,6880000.0
SHOP001,Matcha Espresso,305,1.1213235294117647,1.0018298029866395,0.8934351029913637,0.28308823529411764,5,0.003964608615771407,0.9609557109557109,0.9809836065573772,0.3114754098360656,0.4098360655737705,0.04262295081967213,25000.0,7625000.0
SHOP001,Matcha Latte (Gedhe),307,1.1286764705882353,1.0510784439463687,0.9312486539199097,0.33088235294117646,5,-0.008701518635293469,0.9368747844084168,0.7973941368078176,0.2736156351791531,0.4560260586319218,0.03257328990228013,30000.0,9210000.0
SHOP001,Matcha Latte (Hot),317,1.1654411764705883,1.0529285962935633,0.9034592371982625,0.30514705882352944,5,-0.0006438199986587081,1.1629867046533713,0.7436382754994743,0.2870662460567823,0.41324921135646686,0.03470031545741325,24000.0,7608000.0
SHOP001,Matcha Latte (Ice),328,1.2058823529411764,1.078654165934838,0.8944936985801097,0.29044117647058826,5,0.004420338805196849,1.106630520727437,1.0504065040650408,0.3048780487804878,0.4634146341463415,0.042682926829268296,24000.0,7872000.0
SHOP001,Matchapresso,328,1.2058823529411764,1.0955635607170102,0.9085161235214232,0.28308823529411764,7,-0.005096487855108543,1.0444000444000445,1.0227642276422766,0.31402439024390244,0.3932926829268293,0.04573170731707317,25000.0,8200000.0
SHOP001,Matchapresso (Gedhe),320,1.1764705882352942,1.1496953109230625,0.9772410142846031,0.3272058823529412,6,-0.006143115820535175,1.0344905831631495,0.85,0.271875,0.465625,0.04375,30000.0,9600000.0
SHOP001,Moody,302,1.1102941176470589,1.0687595484103705,0.9625913813497375,0.34191176470588236,5,-0.0024442321739619032,1.0896214896214897,0.8706401766004415,0.304635761589404,0.41721854304635764,0.04966887417218543,23000.0,6946000.0
SHOP001,Nostaltea,328,1.2058823529411764,1.1122159059522965,0.9223253854238557,0.33455882352941174,5,0.0009615384615384616,0.9405300581771169,0.8845528455284554,0.32621951219512196,0.38414634146341464,0.0,15000.0,4920000.0
SHOP001,Not Tiramisu Latte,343,1.2610294117647058,1.11880140658217,0.887212777231342,0.29044117647058826,5,0.0015187919379536143,0.8847674065065368,0.8194363459669584,0.33527696793002915,0.3877551020408163,0.04956268221574344,24000.0,8232000.0
SHOP001,Not Tiramisu Latte (Gedhe),349,1.2830882352941178,1.0866878405516316,0.8469314975072887,0.25,6,-0.007586533902323375,1.027094363126752,0.8053486150907354,0.335243553008596,0.42120343839541546,0.04011461318051576,30000.0,10470000.0
SHOP001,Nutella Meses,317,1.1654411764705883,1.1368738532944183,0.975487975066504,0.3235294117647059,5,0.0005247966413014956,1.0484074968379902,0.8580441640378549,0.3028391167192429,0.4037854889589905,0.0,12000.0,3804000.0
SHOP001,Pisang Coklat,340,1.25,1.0897247358851685,0.8717797887081348,0.2647058823529412,5,-0.007739899306164366,0.8953846153846152,0.9066666666666666,0.25588235294117645,0.4264705882352941,0.041176470588235294,22000.0,7480000.0
SHOP001,Red Apple,299,1.099264705882353,1.141335410020249,1.038271677342835,0.375,7,0.005628862771719915,0.8626703626703628,1.0006688963210701,0.35451505016722407,0.3779264214046823,0.0,21000.0,6279000.0
SHOP001,Red Liquid,297,1.0919117647058822,1.0892222769871727,0.9975369001364006,0.35661764705882354,4,0.00024124938800706717,1.0304029304029305,0.7631874298540966,0.31313131313131315,0.3872053872053872,0.05723905723905724,23000.0,6831000.0
SHOP001,Shakencano,330,1.213235294117647,1.130513211381126,0.9318169499868676,0.3014705882352941,6,0.0013009706261239986,0.9470013947001394,0.7967676767676768,0.2727272727272727,0.4303030303030303,0.0,21000.0,6930000.0
SHOP001,Sitrus Cafe,340,1.25,1.0997994469581314,0.8798395575665051,0.28308823529411764,5,3.7014873810126166e-05,1.021704436642196,1.0933333333333333,0.31470588235294117,0.4323529411764706,0.04411764705882353,24000.0,8160000.0
SHOP001,Soft Tea,326,1.1985294117647058,1.0766222570749062,0.8982860549827438,0.30514705882352944,5,0.003454141385175867,0.8495304421230347,0.750920245398773,0.2852760736196319,0.4601226993865031,0.0,18000.0,5868000.0
SHOP001,Summer,318,1.1691176470588236,1.085026070836302,0.9280726140486608,0.33088235294117646,4,-0.004583103624637167,0.8641894828335507,0.9123689727463312,0.29874213836477986,0.4339622641509434,0.03459119496855346,23000.0,7314000.0
SHOP001,Sunset,335,1.2316176470588236,1.0648254624918274,0.8645747038739613,0.2757352941176471,6,-0.00019190788421557652,1.1042219274977896,0.9472636815920398,0.29253731343283584,0.417910447761194,0.041791044776119404,23000.0,7705000.0
SHOP001,Susu Oat,325,1.1948529411764706,1.1125500552480891,0.93111881546917,0.3235294117647059,5,0.0008421274244059054,1.1704374057315234,0.9206153846153847,0.26153846153846155,0.39692307692307693,0.0,10000.0,3250000.0
SHOP001,Thai Tea,314,1.1544117647058822,1.1432582209901627,0.9903383315583576,0.33455882352941174,5,0.004537235807594111,0.8790893015030946,0.8373673036093419,0.28343949044585987,0.46496815286624205,0.0,21000.0,6594000.0
SHOP001,Thai Tea (Gedhe),329,1.2095588235294117,1.086439048158396,0.8982110063801938,0.2977941176470588,5,-0.0002066089022610751,1.1175872585564215,0.8818642350557244,0.270516717325228,0.44072948328267475,0.0547112462006079,30000.0,9870000.0
SHOP001,Upgrade Beans (Arabica),331,1.2169117647058822,1.124921902325748,0.9244071221528806,0.29044117647058826,6,-0.0023704509685818086,1.1235942420152947,1.0134944612286003,0.2719033232628399,0.4350453172205438,0.0,4000.0,1324000.0
SHOP001,Vanilla Latte,309,1.1360294117647058,1.0640635757569166,0.936651432381493,0.3125,7,0.007375345080263108,1.0221285563751317,1.2323624595469256,0.313915857605178,0.42718446601941745,0.03559870550161812,23000.0,7107000.0
SHOP001,Vanilla Latte (Gedhe),324,1.1911764705882353,1.057290556942276,0.8876019490379601,0.28308823529411764,6,0.003841203841203841,0.8705128205128204,1.0353909465020577,0.2716049382716049,0.4567901234567901,0.05555555555555555,30000.0,9720000.0
SHOP001,WHITE,314,1.1544117647058822,1.130321898910089,0.9791323455526886,0.3492647058823529,5,0.009240009240009239,0.9083612040133778,0.8084925690021232,0.34076433121019106,0.3980891719745223,0.041401273885350316,30000.0,9420000.0
SHOP001,WHITE (Arabica),346,1.2720588235294117,1.1406068545032475,0.8966620359100674,0.29411764705882354,5,-0.0028578612649409114,0.9277574277574276,0.9433526011560693,0.2861271676300578,0.42485549132947975,0.031791907514450865,30000.0,10380000.0
SHOP001,WHITE (Houseblend),335,1.2316176470588236,1.0920974292537726,0.8867179127075407,0.28308823529411764,5,-7.606105167080758e-05,0.9275956284153006,0.9472636815920398,0.25970149253731345,0.44776119402985076,0.03582089552238806,30000.0,10050000.0
SHOP001,Waffle,332,1.2205882352941178,1.1060739821455159,0.9061810938059648,0.30514705882352944,5,0.0058926316595028245,1.0720601237842617,0.8192771084337349,0.2921686746987952,0.4126506024096386,0.02710843373493976,25000.0,8300000.0
SHOP002,Air Mineral,140,0.5147058823529411,0.7069538436307009,1.373510324768219,0.5955882352941176,4,-0.0040366025767485615,1.1781376518218623,0.9066666666666667,0.2642857142857143,0.4357142857142857,0.0,5000.0,700000.0
SHOP002,Americano (Hot Arabica),153,0.5625,0.7547338350469693,1.341749040083501,0.5735294117647058,4,-0.007187013809530366,0.9410949410949411,1.0666666666666667,0.30718954248366015,0.4444444444444444,0.0,20000.0,3060000.0
SHOP002,Americano (Hot Houseblend),142,0.5220588235294118,0.7569959181324587,1.4500203502255546,0.6066176470588235,4,0.013068013068013067,1.1917735042735043,0.8300469483568075,0.2323943661971831,0.4225352112676056,0.0,20000.0,2840000.0
SHOP002,Americano (Ice Arabica),119,0.4375,0.7147024782054006,1.633605664469487,0.6654411764705882,4,-7.047464674583419e-05,1.3073635765943459,0.6095238095238095,0.2689075630252101,0.44537815126050423,0.0,20000.0,2380000.0
SHOP002,Americano (Ice Houseblend),145,0.5330882352941176,0.7991314353959943,1.4990603477773135,0.6102941176470589,4,0.0004820874386091777,1.0485168426344897,0.8128735632183909,0.2896551724137931,0.4206896551724138,0.0,20000.0,2900000.0
SHOP002,Apple Pie Latte,133,0.4889705882352941,0.6965432288976638,1.424509460602741,0.6139705882352942,3,0.009639009639009636,0.6935404339250494,0.8180451127819549,0.21052631578947367,0.45864661654135336,0.05263157894736842,24000.0,3192000.0
SHOP002,Apple Pie Latte (Gedhe),138,0.5073529411764706,0.7122491666773124,1.403853429972674,0.6029411764705882,3,0.0032340032340032318,0.7205847112389168,0.9855072463768116,0.2753623188405797,0.463768115942029,0.07246376811594203,30000.0,4140000.0
SHOP002,BLACK,148,0.5441176470588235,0.7005003155185032,1.2874059852772493,0.5625,3,0.0044487736795429085,0.8290598290598291,1.1027027027027028,0.28378378378378377,0.5,0.0,20000.0,2960000.0
SHOP002,BLACK (Arabica),145,0.5330882352941176,0.7418731407190957,1.3916516846592693,0.5955882352941176,3,0.00206446360292514,0.821453775582216,0.8128735632183909,0.296551724137931,0.4206896551724138,0.0,20000.0,2900000.0
SHOP002,BLACK (Houseblend),136,0.5,0.7524469885568253,1.5048939771136507,0.6286764705882353,4,0.007053207053207052,0.7343101343101344,1.0666666666666667,0.22794117647058823,0.4338235294117647,0.0,20000.0,2720000.0
SHOP002,Banana Bread (Chocolate),143,0.5257352941176471,0.7421645928444527,1.411669715060777,0.5919117647058824,4,0.0001474469559575933,0.9001221001221001,0.5072261072261072,0.26573426573426573,0.5034965034965035,0.0,12000.0,1716000.0
SHOP002,Banana Bread (Original),120,0.4411764705882353,0.6834676493307206,1.5491933384829666,0.6507352941176471,3,0.002437450713312782,0.792617638771485,1.057777777777778,0.375,0.3333333333333333,0.0,12000.0,1440000.0
SHOP002,Basic Latte (Hot Arabica),136,0.5,0.6913328984437153,1.3826657968874305,0.6066176470588235,3,0.003907898644740749,1.189520624303233,1.0666666666666667,0.3235294117647059,0.41911764705882354,0.058823529411764705,23000.0,3128000.0
SHOP002,Basic Latte (Hot Houseblend),131,0.48161764705882354,0.7522224137105868,1.5618663857196917,0.6433823529411765,4,0.012214137214137217,1.2578838785735338,1.4534351145038167,0.3893129770992366,0.3969465648854962,0.04580152671755725,23000.0,3013000.0
SHOP002,Basic Latte (Ice Arabica),136,0.5,0.6859943405700354,1.3719886811400708,0.6029411764705882,3,-0.005266805266805268,0.8618938816958619,1.0,0.3235294117647059,0.35294117647058826,0.09558823529411764,23000.0,3128000.0
SHOP002,Basic Latte (Ice Houseblend),108,0.39705882352941174,0.6157182769252447,1.5506978826265423,0.6654411764705882,3,0.013101635743145178,1.1427581427581428,1.0913580246913581,0.3055555555555556,0.4444444444444444,0.07407407407407407,23000.0,2484000.0
SHOP002,Berry Cake,136,0.5,0.7225363821493087,1.4450727642986174,0.6066176470588235,4,0.015480569326723174,0.8953846153846156,1.1333333333333333,0.2426470588235294,0.4485294117647059,0.03676470588235294,24000.0,3264000.0
SHOP002,Biru,137,0.5036764705882353,0.7376341441547004,1.464499906642909,0.6176470588235294,4,-0.0013244013244013242,0.9202564102564104,0.8603406326034064,0.2773722627737226,0.43795620437956206,0.043795620437956206,24000.0,3288000.0
SHOP002,Biru (Gedhe),115,0.4227941176470588,0.6484673006138382,1.5337661371040345,0.6580882352941176,3,0.015149597758293413,0.9178876678876678,0.8672463768115941,0.2782608695652174,0.4434782608695652,0.0782608695652174,30000.0,3450000.0
SHOP002,Black Rice (Hot),138,0.5073529411764706,0.6805741902053752,1.3414215922888557,0.5845588235294118,4,0.016237461492935944,0.8778280542986425,0.7227053140096619,0.2971014492753623,0.39855072463768115,0.028985507246376812,23000.0,3174000.0
SHOP002,Black Rice (Ice),126,0.4632352941176471,0.6576259467304714,1.4196369643705413,0.6213235294117647,3,0.0038897458252296954,0.8825475599669148,1.0074074074074073,0.2857142857142857,0.3888888888888889,0.06349206349206349,23000.0,2898000.0
SHOP002,Burnt Sugar,122,0.4485294117647059,0.7257840885915006,1.618141574564657,0.6727941176470589,4,-0.011006481594716892,1.0005894488653109,0.966120218579235,0.3524590163934426,0.38524590163934425,0.0,12000.0,1464000.0
SHOP002,Butterscotch,134,0.49264705882352944,0.7326053781801006,1.4870795736193088,0.6213235294117647,4,0.011466011466011464,0.8126428027418126,0.608955223880597,0.291044776119403,0.43283582089552236,0.03731343283582089,23000.0,3082000.0
SHOP002,Butterscotch Latte (Gedhe),119,0.4375,0.6386379693397136,1.4597439299193453,0.6397058823529411,3,-0.0014094929349166645,1.3566433566433567,1.0666666666666667,0.2857142857142857,0.3949579831932773,0.05042016806722689,30000.0,3570000.0
SHOP002,Candy Latte,141,0.5183823529411765,0.6639567453445904,1.2808243598136777,0.5698529411764706,3,0.018680888246105636,0.6162922623099614,0.9645390070921985,0.2907801418439716,0.375886524822695,0.04964539007092199,23000.0,3243000.0
SHOP002,Candy Latte (Gedhe),140,0.5147058823529411,0.7950702347596041,1.5447078846758024,0.6433823529411765,3,0.017330075724236307,0.6783216783216783,1.36,0.35,0.40714285714285714,0.03571428571428571,30000.0,4200000.0
SHOP002,Cappuccino (Hot Arabica),120,0.4411764705882353,0.6095406404724325,1.3816254517375137,0.6139705882352942,3,-0.0034650034650034636,1.065934065934066,0.37777777777777777,0.35833333333333334,0.375,0.1,22000.0,2640000.0
SHOP002,Cappuccino (Hot Houseblend),114,0.41911764705882354,0.6423205524047338,1.5325543004744526,0.6544117647058824,3,0.01632961632961633,0.8097793679189028,1.3520467836257308,0.2807017543859649,0.4649122807017544,0.06140350877192982,22000.0,2508000.0
SHOP002,Cappuccino (Ice Arabica),127,0.46691176470588236,0.7318947154936112,1.5675225402697814,0.6507352941176471,3,0.01448594996982094,0.8377867746288798,0.6425196850393701,0.33858267716535434,0.33858267716535434,0.031496062992125984,22000.0,2794000.0
SHOP002,Cappuccino (Ice Houseblend),140,0.5147058823529411,0.7223867112244198,1.4034941818074442,0.5992647058823529,4,0.010380053545521172,1.0300440300440301,0.9066666666666667,0.3142857142857143,0.42857142857142855,0.06428571428571428,22000.0,3080000.0
SHOP002,Chamomile,130,0.47794117647058826,0.6909808859694213,1.4457446229514046,0.6176470588235294,3,0.005060516688423664,0.8808760683760684,0.6974358974358974,0.3,0.4307692307692308,0.0,20000.0,2600000.0
SHOP002,Chocolate (Gedhe),161,0.5919117647058824,0.7805121948644876,1.318629298156153,0.5588235294117647,4,-0.0058529867447064884,0.8778280542986424,1.013664596273292,0.32919254658385094,0.4409937888198758,0.06832298136645963,30000.0,4830000.0
SHOP002,Chocolate (Hot),138,0.5073529411764706,0.7070685498988449,1.3936423592209117,0.5992647058823529,3,0.007757470444037606,1.0881410256410255,0.6570048309178744,0.30434782608695654,0.391304347826087,0.043478260869565216,25000.0,3450000.0
SHOP002,Chocolate (Ice),138,0.5073529411764706,0.7376066575857887,1.4538334120531489,0.6176470588235294,4,0.025281879296477835,0.6617266525523406,0.9198067632850242,0.30434782608695654,0.4492753623188406,0.057971014492753624,25000.0,3450000.0
SHOP002,Cold Brew,143,0.5257352941176471,0.7220779169633218,1.3734628910071576,0.5808823529411765,4,-0.001562937733150499,1.37876254180602,0.7608391608391608,0.26573426573426573,0.40559440559440557,0.06993006993006994,24000.0,3432000.0
SHOP002,Creamy Chocolate Cake,118,0.4338235294117647,0.6440018026366914,1.4844787315015258,0.6433823529411765,3,0.00451956973696104,0.8104292711034284,0.6915254237288135,0.2796610169491525,0.3813559322033898,0.06779661016949153,30000.0,3540000.0
SHOP002,Creamy Klepon,125,0.45955882352941174,0.6739783855487141,1.466576966954002,0.6176470588235294,4,-0.0013183915622940008,0.8921404682274248,0.5802666666666667,0.312,0.416,0.08,24000.0,3000000.0
SHOP002,Croffle,117,0.43014705882352944,0.6824286057186599,1.5865006902177392,0.6544117647058824,4,-0.012400419480065497,0.9363499245852187,0.5424501424501424,0.3247863247863248,0.452991452991453,0.05982905982905983,28000.0,3276000.0
SHOP002,Donat Polos,131,0.48161764705882354,0.6803656246592659,1.4126675565444298,0.6176470588235294,3,0.01195016943048439,1.133048433048433,1.0381679389312977,0.3282442748091603,0.366412213740458,0.0,10000.0,1310000.0
SHOP002,Espresso Arabica (Basic Espresso),139,0.5110294117647058,0.6696325588267272,1.3103601151141713,0.5772058823529411,3,-9.240009240009239e-05,0.8370315581854044,0.9784172661870504,0.26618705035971224,0.4460431654676259,0.0,12000.0,1668000.0
SHOP002,Espresso Arabica (On The Rock),129,0.4742647058823529,0.7014162483577121,1.478955190335641,0.625,3,0.012144012144012143,0.7536907536907538,0.9839793281653747,0.29457364341085274,0.3953488372093023,0.0,12000.0,1548000.0
SHOP002,Espresso Houseblend (Basic Espresso),134,0.49264705882352944,0.727569721031557,1.4768579411983844,0.6176470588235294,5,-0.00721153846153846,0.913657770800628,0.608955223880597,0.34328358208955223,0.3656716417910448,0.0,12000.0,1608000.0
SHOP002,Espresso Houseblend (On The Rock),123,0.4522058823529412,0.6734969007052042,1.4893589999334595,0.6360294117647058,3,0.006394241688359336,0.9892191142191142,0.8845528455284554,0.23577235772357724,0.45528455284552843,0.0,12000.0,1476000.0
SHOP002,Extra Shot (Arabica),116,0.4264705882352941,0.6488944550855944,1.5215456188213938,0.6580882352941176,3,0.01623429449516406,1.1648815319701395,1.0160919540229887,0.23275862068965517,0.46551724137931033,0.0,7000.0,812000.0
SHOP002,Extra Shot (Houseblend),134,0.49264705882352944,0.7224989673248448,1.4665650680026698,0.6213235294117647,3,0.017975371821525667,1.0210526315789474,0.9472636815920398,0.291044776119403,0.40298507462686567,0.0,6000.0,804000.0
SHOP002,Forbidden Berry,108,0.39705882352941174,0.6561856328624442,1.6526156679498596,0.6875,3,0.022611622611622608,1.2961357890935357,1.0913580246913581,0.23148148148148148,0.4722222222222222,0.05555555555555555,24000.0,2592000.0
SHOP002,Friendly Coffee (Gedhe),143,0.5257352941176471,0.7321901395942391,1.392697328458972,0.5882352941176471,4,0.007739350805044238,0.8368080517613228,0.8876456876456876,0.3356643356643357,0.4195804195804196,0.02097902097902098,30000.0,4290000.0
SHOP002,Friendly Coffee (Hot double shot),133,0.4889705882352941,0.7375608443612961,1.508395110272726,0.6433823529411765,3,-0.0029976309046076473,1.4045248868778282,0.7498746867167919,0.3157894736842105,0.39849624060150374,0.05263157894736842,23000.0,3059000.0
SHOP002,Friendly Coffee (Hot),145,0.5330882352941176,0.7517191225939089,1.4101213885899533,0.5955882352941176,3,0.01862062731627949,0.821453775582216,1.0629885057471264,0.33793103448275863,0.35172413793103446,0.05517241379310345,23000.0,3335000.0
SHOP002,Friendly Coffee (Ice double shot),123,0.4522058823529412,0.6896788374228452,1.5251434453578365,0.6360294117647058,5,-0.013223816502505023,0.911965811965812,1.0319783197831978,0.3902439024390244,0.36585365853658536,0.056910569105691054,23000.0,2829000.0
SHOP002,Friendly Coffee (Ice),145,0.5330882352941176,0.7418731407190957,1.3916516846592693,0.5919117647058824,4,0.004331254331254333,0.9150943396226416,1.1880459770114942,0.2896551724137931,0.42758620689655175,0.041379310344827586,23000.0,3335000.0
SHOP002,Green Apple,132,0.4852941176470588,0.7069538436307009,1.4567533747541717,0.6139705882352942,4,-0.005544005544005544,0.795897435897436,0.9616161616161616,0.2196969696969697,0.4621212121212121,0.0,21000.0,2772000.0
SHOP002,Green Thai Tea,132,0.4852941176470588,0.6911764705882353,1.4242424242424243,0.6213235294117647,3,0.007014648236022281,0.8628990057561486,0.8242424242424243,0.3484848484848485,0.4015151515151515,0.0,21000.0,2772000.0
SHOP002,Green Thai Tea (Gedhe),146,0.5367647058823529,0.8216562204697766,1.530756794299858,0.6213235294117647,4,0.01403326403326403,1.1807821807821808,0.8073059360730594,0.2602739726027397,0.410958904109589,0.0273972602739726,30000.0,4380000.0
SHOP002,Gula Gula,136,0.5,0.6530471562110152,1.3060943124220303,0.5882352941176471,2,0.009147609147609146,0.9295519295519296,1.0,0.3088235294117647,0.4117647058823529,0.0,12000.0,1632000.0
SHOP002,Happy Moca (Hot),144,0.5294117647058824,0.7992751906883054,1.509742026855688,0.6029411764705882,5,0.018623173552751015,1.205128205128205,1.0074074074074073,0.3194444444444444,0.4097222222222222,0.027777777777777776,30000.0,4320000.0
SHOP002,Happy Moca (Ice),143,0.5257352941176471,0.8039878843403612,1.5292636681159317,0.6213235294117647,4,0.0069498069498069494,1.0694871794871796,0.8876456876456876,0.2727272727272727,0.43356643356643354,0.027972027972027972,30000.0,4290000.0
SHOP002,Hazelnut Latte,140,0.5147058823529411,0.7121352948707795,1.3835771443203717,0.5955882352941176,3,0.008978878544095932,0.9265962795374559,1.0361904761904763,0.3142857142857143,0.4142857142857143,0.05,23000.0,3220000.0
SHOP002,Hazelnut Latte (Gedhe),130,0.47794117647058826,0.7119454680528339,1.4896089793105447,0.6323529411764706,3,-0.007128007128007129,0.8461538461538461,0.7671794871794871,0.3230769230769231,0.3769230769230769,0.06153846153846154,30000.0,3900000.0
SHOP002,Jasmine (Hot),121,0.44485294117647056,0.639314873740215,1.4371375674160205,0.625,4,-0.005136358077534549,1.1387086808773557,0.8991735537190084,0.2809917355371901,0.39669421487603307,0.0,21000.0,2541000.0
SHOP002,Jasmine (Ice),136,0.5,0.7524469885568253,1.5048939771136507,0.6286764705882353,4,0.01470816396189531,1.0363247863247862,0.8666666666666667,0.22794117647058823,0.49264705882352944,0.0,21000.0,2856000.0
SHOP002,Jus Semangka,119,0.4375,0.7147024782054006,1.633605664469487,0.6691176470588235,4,0.00875369296421928,1.1222639149468416,0.9904761904761905,0.2773109243697479,0.40336134453781514,0.04201680672268908,22000.0,2618000.0
SHOP002,Lemon Tea (Hot),134,0.49264705882352944,0.7070685498988449,1.4352436236752673,0.6102941176470589,3,-0.007847060478639426,1.215954415954416,0.4736318407960199,0.34328358208955223,0.39552238805970147,0.0,21000.0,2814000.0
SHOP002,Lemon Tea (Ice),117,0.43014705882352944,0.6203438151234666,1.442166818064811,0.6360294117647058,3,0.010610079575596811,0.7824834341688275,0.46495726495726497,0.29914529914529914,0.39316239316239315,0.0,21000.0,2457000.0
SHOP002,Lemons,136,0.5,0.7071067811865476,1.4142135623730951,0.6102941176470589,3,0.005935471584326546,1.4923076923076923,0.8666666666666667,0.3235294117647059,0.41911764705882354,0.0,20000.0,2720000.0
SHOP002,Matcha Espresso,150,0.5514705882352942,0.8855029556297741,1.6057120262086568,0.6360294117647058,5,0.01696915210428724,1.065934065934066,0.6648888888888888,0.29333333333333333,0.4666666666666667,0.04,25000.0,3750000.0
SHOP002,Matcha Latte (Gedhe),136,0.5,0.7326422768871265,1.465284553774253,0.6176470588235294,4,0.008784956153377205,1.0734143049932525,0.8,0.2867647058823529,0.41911764705882354,0.022058823529411766,30000.0,4080000.0
SHOP002,Matcha Latte (Hot),107,0.39338235294117646,0.6442850809780825,1.6378088039816676,0.6911764705882353,3,-0.008629819950574668,1.0611965811965811,0.6778816199376947,0.2803738317757009,0.45794392523364486,0.028037383177570093,24000.0,2568000.0
SHOP002,Matcha Latte (Ice),124,0.45588235294117646,0.6167710875150226,1.3529172242265013,0.6102941176470589,2,0.0020449200777069632,0.9781042927110344,0.9505376344086022,0.3225806451612903,0.3629032258064516,0.08064516129032258,24000.0,2976000.0
SHOP002,Matchapresso,121,0.44485294117647056,0.6619178744310728,1.4879476185558,0.6507352941176471,2,-0.004501640865277228,0.6153846153846154,0.8991735537190084,0.2727272727272727,0.5206611570247934,0.04132231404958678,25000.0,3025000.0
SHOP002,Matchapresso (Gedhe),124,0.45588235294117646,0.6791825434562052,1.4898197727426437,0.6360294117647058,3,0.004975972189086943,1.0989862850327967,1.3161290322580645,0.3467741935483871,0.2903225806451613,0.04838709677419355,30000.0,3720000.0
SHOP002,Moody,110,0.40441176470588236,0.6109139304761572,1.5106235371774068,0.6617647058823529,2,-0.005727062330835915,1.065934065934066,0.8242424242424242,0.34545454545454546,0.43636363636363634,0.02727272727272727,23000.0,2530000.0
SHOP002,Nostaltea,130,0.47794117647058826,0.6802563505195268,1.4233055949331637,0.6176470588235294,3,0.0035133523505616517,0.9163292847503375,0.6276923076923077,0.3230769230769231,0.4076923076923077,0.0,15000.0,1950000.0
SHOP002,Not Tiramisu Latte,123,0.4522058823529412,0.6843273760507151,1.5133093193967033,0.6397058823529411,4,0.00010309101218192297,0.9892191142191142,0.6634146341463414,0.24390243902439024,0.44715447154471544,0.056910569105691054,24000.0,2952000.0
SHOP002,Not Tiramisu Latte (Gedhe),133,0.4889705882352941,0.6805245375398095,1.391749430156603,0.5919117647058824,4,0.008938071930197914,0.9948717948717949,0.8180451127819549,0.3233082706766917,0.43609022556390975,0.045112781954887216,30000.0,3990000.0
SHOP002,Nutella Meses,115,0.4227941176470588,0.6762207818809999,1.599409153666365,0.6727941176470589,3,-0.005033373454426085,0.8004715590922488,0.7884057971014492,0.34782608695652173,0.4,0.0,12000.0,1380000.0
SHOP002,Pisang Coklat,129,0.4742647058823529,0.6525398707144049,1.3758980219714585,0.6029411764705882,3,0.012277571332689443,0.9260774686306602,1.4759689922480619,0.2558139534883721,0.4806201550387597,0.046511627906976744,22000.0,2838000.0
SHOP002,Red Apple,144,0.5294117647058824,0.7759356446042893,1.4656562175858798,0.6139705882352942,4,0.012120139779714247,0.7986356151493766,1.0703703703703704,0.3125,0.4513888888888889,0.0,21000.0,3024000.0
SHOP002,Red Liquid,150,0.5514705882352942,0.7506845203778669,1.361241263618532,0.5845588235294118,3,0.01362901362901363,1.0324141267537494,1.4506666666666665,0.32666666666666666,0.4266666666666667,0.06,23000.0,3450000.0
SHOP002,Shakencano,156,0.5735294117647058,0.7586011986193489,1.322689269387583,0.5625,4,-0.0005163534575299282,0.8576480990274093,0.6974358974358975,0.3141025641025641,0.41025641025641024,0.0,21000.0,3276000.0
SHOP002,Sitrus Cafe,143,0.5257352941176471,0.7471018833120708,1.4210609249012816,0.5992647058823529,4,0.00735183343878996,0.8681664247701985,0.6974358974358974,0.27972027972027974,0.46153846153846156,0.027972027972027972,24000.0,3432000.0
SHOP002,Soft Tea,115,0.4227941176470588,0.6194716572072083,1.4651851370466145,0.6397058823529411,3,0.022261880668960312,0.8778280542986426,1.182608695652174,0.2782608695652174,0.40869565217391307,0.0,18000.0,2070000.0
SHOP002,Summer,128,0.47058823529411764,0.6523845003770246,1.3863170633011772,0.6102941176470589,3,-0.00016632016632016632,1.0898876404494382,0.8500000000000001,0.296875,0.4296875,0.0546875,23000.0,2944000.0
SHOP002,Sunset,148,0.5441176470588235,0.7160722837611677,1.3160247377232273,0.5772058823529411,3,0.0032917532917532922,1.0522682445759368,0.9801801801801803,0.30405405405405406,0.39864864864864863,0.0945945945945946,23000.0,3404000.0
SHOP002,Susu Oat,114,0.41911764705882354,0.6365710886185861,1.5188362816162757,0.6507352941176471,3,-0.0023917723032767274,0.7348484848484849,0.7157894736842105,0.2543859649122807,0.4824561403508772,0.0,10000.0,1140000.0
SHOP002,Thai Tea,119,0.4375,0.7095397742033004,1.6218051981789723,0.6580882352941176,4,0.01303780964797914,0.729933110367893,1.0666666666666667,0.31092436974789917,0.37815126050420167,0.0,21000.0,2499000.0
SHOP002,Thai Tea (Gedhe),123,0.4522058823529412,0.6843273760507151,1.5133093193967033,0.6433823529411765,3,0.016146916146916143,1.2435897435897436,1.1056910569105691,0.3170731707317073,0.43902439024390244,0.08130081300813008,30000.0,3690000.0
SHOP002,Upgrade Beans (Arabica),138,0.5073529411764706,0.6859549325940976,1.3520271135188011,0.5919117647058824,3,0.014770223725447604,1.0151753008895865,0.9855072463768116,0.2536231884057971,0.4492753623188406,0.0,4000.0,552000.0
SHOP002,Vanilla Latte,146,0.5367647058823529,0.7417000368320593,1.3817973288926038,0.5845588235294118,4,0.016428477966939505,1.3352226720647773,1.0557077625570777,0.3219178082191781,0.4246575342465753,0.04794520547945205,23000.0,3358000.0
SHOP002,Vanilla Latte (Gedhe),131,0.48161764705882354,0.7619346704551004,1.5820322928533384,0.6433823529411765,4,0.0037651218753580965,0.803936803936804,0.8305343511450382,0.3053435114503817,0.4732824427480916,0.07633587786259542,30000.0,3930000.0
SHOP002,WHITE,125,0.45955882352941174,0.6954556987276282,1.5133116004313192,0.6433823529411765,3,-0.0032571032571032566,1.3990384615384615,0.6528,0.312,0.44,0.064,30000.0,3750000.0
SHOP002,WHITE (Arabica),120,0.4411764705882353,0.6726233309428983,1.5246128834705694,0.6544117647058824,3,7.047464674583319e-05,1.1087426629595305,0.7555555555555555,0.2916666666666667,0.36666666666666664,0.05,30000.0,3600000.0
SHOP002,WHITE (Houseblend),146,0.5367647058823529,0.7317192509998196,1.3632029881640475,0.5955882352941176,3,0.009391855545701702,0.9065420560747663,0.9315068493150686,0.2876712328767123,0.410958904109589,0.03424657534246575,30000.0,4380000.0
SHOP002,Waffle,114,0.41911764705882354,0.6480190068338991,1.5461506127966715,0.6544117647058824,3,0.016519638141259764,1.4508547008547008,0.7953216374269005,0.32456140350877194,0.4298245614035088,0.02631578947368421,25000.0,2850000.0
SHOP003,Air Mineral,218,0.8014705882352942,0.9418368547151114,1.1751358921216069,0.47794117647058826,5,0.0016202551413819015,0.6469542018674965,0.9565749235474006,0.21559633027522937,0.48623853211009177,0.0,5000.0,1090000.0
SHOP003,Americano (Hot Arabica),213,0.7830882352941176,0.9239505292221153,1.1798804880207294,0.46691176470588236,5,0.012514186427229906,0.8871468234525559,1.4046948356807514,0.1784037558685446,0.4413145539906103,0.0,20000.0,4260000.0
SHOP003,Americano (Hot Houseblend),217,0.7977941176470589,0.9153082823454094,1.1472988608200523,0.45588235294117646,4,0.000462000462000462,1.1350886250215109,0.9609831029185868,0.20276497695852536,0.423963133640553,0.0,20000.0,4340000.0
SHOP003,Americano (Ice Arabica),196,0.7205882352941176,0.9290347336521816,1.2892726915989459,0.5220588235294118,5,0.004373444787952561,1.1781376518218623,0.8789115646258503,0.22959183673469388,0.41836734693877553,0.0,20000.0,3920000.0
SHOP003,Americano (Ice Houseblend),212,0.7794117647058824,0.9049794966038492,1.1611057692275801,0.4632352941176471,5,-0.00367591671939498,0.9817813765182187,0.6842767295597484,0.21226415094339623,0.42452830188679247,0.0,20000.0,4240000.0
SHOP003,Apple Pie Latte,232,0.8529411764705882,0.9197938688889346,1.0783790186973716,0.4264705882352941,5,-0.00310488520095507,1.0747071858182968,0.7425287356321839,0.15948275862068967,0.4870689655172414,0.05603448275862069,24000.0,5568000.0
SHOP003,Apple Pie Latte (Gedhe),207,0.7610294117647058,0.9184924344142006,1.2069079331432975,0.4852941176470588,5,0.003143856802393387,1.0391640323147173,0.8760064412238325,0.23671497584541062,0.45410628019323673,0.08695652173913043,30000.0,6210000.0
SHOP003,BLACK,187,0.6875,0.7962169283925226,1.1581337140254873,0.4889705882352941,3,0.010169031908162342,0.8349816849816849,1.2606060606060607,0.12834224598930483,0.48663101604278075,0.0,20000.0,3740000.0
SHOP003,BLACK (Arabica),199,0.7316176470588235,0.910333019695213,1.2442742781763716,0.5036764705882353,5,0.003902126979050056,1.0481684981684982,0.6834170854271358,0.19095477386934673,0.49748743718592964,0.0,20000.0,3980000.0
SHOP003,BLACK (Houseblend),214,0.7867647058823529,0.8524022130848631,1.0834271119583307,0.44485294117647056,5,-0.005868953237374289,0.8394230769230769,0.8897196261682243,0.18691588785046728,0.49065420560747663,0.0,20000.0,4280000.0
SHOP003,Banana Bread (Chocolate),196,0.7205882352941176,0.8418395165506889,1.1682670841927927,0.49264705882352944,4,0.0018700018700018694,1.1507845388442404,0.6938775510204082,0.1836734693877551,0.46938775510204084,0.0,12000.0,2352000.0
SHOP003,Banana Bread (Original),216,0.7941176470588235,0.9402569037144578,1.184027212084873,0.45588235294117646,6,0.00169833972650874,1.024132730015083,0.8814814814814814,0.2037037037037037,0.4444444444444444,0.0,12000.0,2592000.0
SHOP003,Basic Latte (Hot Arabica),201,0.7389705882352942,0.8838146593467007,1.196007897225386,0.4852941176470588,5,0.00042428613857185165,1.161894067003556,0.766832504145937,0.21393034825870647,0.48756218905472637,0.05472636815920398,23000.0,4623000.0
SHOP003,Basic Latte (Hot Houseblend),188,0.6911764705882353,0.8533214162590593,1.2345926873535327,0.5183823529411765,4,0.0016586573963623143,1.1658653846153848,0.8680851063829788,0.18617021276595744,0.4521276595744681,0.05851063829787234,23000.0,4324000.0
SHOP003,Basic Latte (Ice Arabica),182,0.6691176470588235,0.8450125917859548,1.262875961350438,0.5367647058823529,3,0.007148029619939734,0.8169567658618753,0.9465201465201465,0.19230769230769232,0.47802197802197804,0.03296703296703297,23000.0,4186000.0
SHOP003,Basic Latte (Ice Houseblend),206,0.7573529411764706,0.8786380129413177,1.1601433957283418,0.47058823529411764,4,0.009688354515940722,1.022128556375132,1.2323624595469256,0.22330097087378642,0.441747572815534,0.04854368932038835,23000.0,4738000.0
SHOP003,Berry Cake,212,0.7794117647058824,0.8927088359280112,1.1453622800585803,0.4522058823529412,4,-0.0026715678889591937,0.8713049158909032,1.069182389937107,0.2169811320754717,0.4716981132075472,0.0330188679245283,24000.0,5088000.0
SHOP003,Biru,192,0.7058823529411765,0.8368151023798115,1.185488061704733,0.5,3,0.004930529520693456,0.9732441471571905,0.8972222222222221,0.21875,0.4635416666666667,0.041666666666666664,24000.0,4608000.0
SHOP003,Biru (Gedhe),203,0.7463235294117647,0.8691957141210298,1.1646366218764537,0.4852941176470588,4,-0.0023610777379621598,0.8128037539802246,1.0272577996715928,0.1724137931034483,0.4729064039408867,0.034482758620689655,30000.0,6090000.0
SHOP003,Black Rice (Hot),186,0.6838235294117647,0.8198117241024176,1.1988644567519227,0.5073529411764706,4,-0.0030849708269063106,1.1843711843711844,0.828673835125448,0.24731182795698925,0.44623655913978494,0.021505376344086023,23000.0,4278000.0
SHOP003,Black Rice (Ice),187,0.6875,0.8367424141556701,1.21707987513552,0.5183823529411765,4,-0.009039139473922082,1.118266746173723,0.7757575757575758,0.19786096256684493,0.47058823529411764,0.03208556149732621,23000.0,4301000.0
SHOP003,Burnt Sugar,204,0.75,0.8807583630699439,1.1743444840932586,0.48161764705882354,4,0.009155802259250535,0.8729835286126677,0.9333333333333332,0.15196078431372548,0.4852941176470588,0.0,12000.0,2448000.0
SHOP003,Butterscotch,232,0.8529411764705882,0.907723491882998,1.0642275422076528,0.40441176470588236,4,-0.0008170750528829139,0.8482288424484955,0.8206896551724138,0.2025862068965517,0.4224137931034483,0.0603448275862069,23000.0,5336000.0
SHOP003,Butterscotch Latte (Gedhe),198,0.7279411764705882,0.8783918441298907,1.2066797050673246,0.5,5,0.004072272113509227,1.1074302826127642,0.8242424242424242,0.2676767676767677,0.41919191919191917,0.045454545454545456,30000.0,5940000.0
SHOP003,Candy Latte,201,0.7389705882352942,0.8584932760466449,1.1617421446999374,0.48161764705882354,4,0.003444003444003444,0.984508547008547,1.1728026533996683,0.23880597014925373,0.46766169154228854,0.024875621890547265,23000.0,4623000.0
SHOP003,Candy Latte (Gedhe),186,0.6838235294117647,0.8634932974496585,1.262742886593049,0.5367647058823529,4,0.003055329022179851,0.9396011396011397,0.9749103942652328,0.15591397849462366,0.5645161290322581,0.053763440860215055,30000.0,5580000.0
SHOP003,Cappuccino (Hot Arabica),224,0.8235294117647058,0.8650259511678084,1.0503886549894816,0.41544117647058826,4,0.01121176121176121,0.9732441471571907,1.2142857142857144,0.20089285714285715,0.5178571428571429,0.06696428571428571,22000.0,4928000.0
SHOP003,Cappuccino (Hot Houseblend),214,0.7867647058823529,0.8778992994249374,1.1158346235681447,0.46691176470588236,4,0.010754837677914597,1.133612419326705,1.016822429906542,0.19158878504672897,0.4252336448598131,0.009345794392523364,22000.0,4708000.0
SHOP003,Cappuccino (Ice Arabica),170,0.625,0.761553172991957,1.2184850767871311,0.5220588235294118,3,0.0005445005445005445,1.3220143220143221,0.8,0.2,0.47058823529411764,0.041176470588235294,22000.0,3740000.0
SHOP003,Cappuccino (Ice Houseblend),188,0.6911764705882353,0.8402967427742148,1.2157484789073747,0.5,4,-0.0004317053497381359,0.9764482431149099,0.9163120567375886,0.19680851063829788,0.4734042553191489,0.03723404255319149,22000.0,4136000.0
SHOP003,Chamomile,193,0.7095588235294118,0.8359020028116324,1.1780587811645804,0.5036764705882353,3,0.0035919931207889326,0.9662423907028224,1.1744386873920554,0.20725388601036268,0.48186528497409326,0.0,20000.0,3860000.0
SHOP003,Chocolate (Gedhe),227,0.8345588235294118,0.8984364421913436,1.0765405827138566,0.4264705882352941,5,-0.005531630531630532,0.8535882263692914,1.0784140969162996,0.22466960352422907,0.47577092511013214,0.030837004405286344,30000.0,6810000.0
SHOP003,Chocolate (Hot),218,0.8014705882352942,0.8855029556297741,1.104847724455498,0.4522058823529412,4,-0.006734795467189832,1.0799595141700404,0.7902140672782874,0.16972477064220184,0.463302752293578,0.03211009174311927,25000.0,5450000.0
SHOP003,Chocolate (Ice),205,0.7536764705882353,0.9285035468457782,1.2319656816685447,0.4963235294117647,4,-0.011638232743760381,0.9347788676647737,0.6634146341463415,0.18536585365853658,0.5024390243902439,0.02926829268292683,25000.0,5125000.0
SHOP003,Cold Brew,162,0.5955882352941176,0.7847693223319553,1.3176373807055053,0.5661764705882353,4,0.0024428274428274443,1.0785114590424325,0.8395061728395062,0.2037037037037037,0.4567901234567901,0.030864197530864196,24000.0,3888000.0
SHOP003,Creamy Chocolate Cake,218,0.8014705882352942,0.9339972047852781,1.1653543105577782,0.46691176470588236,5,0.010098010098010096,1.1035829512650703,1.0813455657492355,0.16055045871559634,0.5229357798165137,0.04128440366972477,30000.0,6540000.0
SHOP003,Creamy Klepon,229,0.8419117647058824,1.0040400117304635,1.1925715423174064,0.4522058823529412,5,0.013179388179388178,1.028648306426084,0.9502183406113538,0.22707423580786026,0.388646288209607,0.0611353711790393,24000.0,5496000.0
SHOP003,Croffle,179,0.6580882352941176,0.8514740805577066,1.2938600553726045,0.5257352941176471,5,0.009005049005049002,0.964023057046313,0.7091247672253259,0.18435754189944134,0.46368715083798884,0.0446927374301676,28000.0,5012000.0
SHOP003,Donat Polos,202,0.7426470588235294,0.8574613996578004,1.1546014886481273,0.48161764705882354,4,-0.013309792204264564,0.9777188328912466,0.8528052805280527,0.18316831683168316,0.46534653465346537,0.0,10000.0,2020000.0
SHOP003,Espresso Arabica (Basic Espresso),193,0.7095588235294118,0.8359020028116324,1.1780587811645804,0.4963235294117647,4,-0.002423649482473011,1.042420814479638,0.7986183074265976,0.17098445595854922,0.47150259067357514,0.0,12000.0,2316000.0
SHOP003,Espresso Arabica (On The Rock),201,0.7389705882352942,0.8145436104056033,1.10226797030012,0.4632352941176471,4,0.0007980007980007974,1.0583742498636117,0.9923714759535653,0.23383084577114427,0.4427860696517413,0.0,12000.0,2412000.0
SHOP003,Espresso Houseblend (Basic Espresso),197,0.7242647058823529,0.8495670457503126,1.173006276365914,0.4889705882352941,4,0.00023455408070792688,0.9878159665393709,1.196615905245347,0.16751269035532995,0.48223350253807107,0.0,12000.0,2364000.0
SHOP003,Espresso Houseblend (On The Rock),192,0.7058823529411765,0.8712537202116838,1.2342761036332186,0.4963235294117647,5,-0.016209545621310325,0.9985027138311809,1.086111111111111,0.21354166666666666,0.4895833333333333,0.0,12000.0,2304000.0
SHOP003,Extra Shot (Arabica),215,0.7904411764705882,0.868262182251437,1.0984526212669343,0.4522058823529412,4,0.0026928026928026926,1.1259528759528759,1.518139534883721,0.19534883720930232,0.5255813953488372,0.0,7000.0,1505000.0
SHOP003,Extra Shot (Houseblend),207,0.7610294117647058,0.8031805153957725,1.0553869574282615,0.4485294117647059,3,0.0009563409563409556,0.8131163708086785,0.7884057971014493,0.18840579710144928,0.4396135265700483,0.0,6000.0,1242000.0
SHOP003,Forbidden Berry,201,0.7389705882352942,0.8100175010924915,1.0961430860555108,0.45588235294117646,4,0.005171121922390959,0.8680089485458612,0.902155887230514,0.20398009950248755,0.46766169154228854,0.05970149253731343,24000.0,4824000.0
SHOP003,Friendly Coffee (Gedhe),203,0.7463235294117647,0.8123502656811588,1.0884693215038186,0.4411764705882353,4,0.008460814430963684,1.171497584541063,0.8039408866995074,0.2019704433497537,0.458128078817734,0.054187192118226604,30000.0,6090000.0
SHOP003,Friendly Coffee (Hot double shot),197,0.7242647058823529,0.8538835438169448,1.178966111259944,0.46691176470588236,4,0.010578134930466537,0.868809272918862,1.196615905245347,0.18274111675126903,0.4720812182741117,0.04060913705583756,23000.0,4531000.0
SHOP003,Friendly Coffee (Hot),225,0.8272058823529411,0.9292602142821734,1.1233723479322275,0.4375,5,0.00462000462000462,0.8241541495979365,1.1282962962962964,0.17777777777777778,0.4622222222222222,0.017777777777777778,23000.0,5175000.0
SHOP003,Friendly Coffee (Ice double shot),221,0.8125,0.8690713011431158,1.0696262167915271,0.43014705882352944,4,0.010337790154303922,0.8644465290806754,0.9846153846153847,0.23076923076923078,0.416289592760181,0.03167420814479638,23000.0,5083000.0
SHOP003,Friendly Coffee (Ice),227,0.8345588235294118,0.9266383484902476,1.1103331752834684,0.4375,4,0.004886133918391984,0.8935974205435283,1.238179148311307,0.23788546255506607,0.44493392070484583,0.030837004405286344,23000.0,5221000.0
SHOP003,Green Apple,215,0.7904411764705882,0.8724861937615394,1.1037964869913428,0.4522058823529412,4,0.0038066235249333835,0.8342092689918776,1.2651162790697674,0.17674418604651163,0.44651162790697674,0.0,21000.0,4515000.0
SHOP003,Green Thai Tea,200,0.7352941176470589,0.8110930725375104,1.103086578651014,0.47058823529411764,4,0.008674820857561974,1.0407346790325513,1.1786666666666665,0.155,0.515,0.0,21000.0,4200000.0
SHOP003,Green Thai Tea (Gedhe),219,0.8051470588235294,0.8758877725704408,1.0878606125075794,0.4338235294117647,4,-0.00902497676691225,1.0963225371120107,0.7452054794520547,0.1963470319634703,0.4885844748858447,0.0365296803652968,30000.0,6570000.0
SHOP003,Gula Gula,202,0.7426470588235294,0.8269035395182561,1.1134542710344835,0.4632352941176471,4,0.0013721413721413719,1.234377967711301,0.8976897689768976,0.2376237623762376,0.4801980198019802,0.0,12000.0,2424000.0
SHOP003,Happy Moca (Hot),210,0.7720588235294118,0.9152861314486008,1.1855134654953305,0.47058823529411764,5,0.00574007403275696,1.065934065934066,0.9498412698412697,0.20476190476190476,0.49523809523809526,0.047619047619047616,30000.0,6300000.0
SHOP003,Happy Moca (Ice),220,0.8088235294117647,0.9116461023428746,1.1271260901693723,0.47794117647058826,4,0.000577500577500578,0.7698412698412698,0.9478787878787879,0.20909090909090908,0.4727272727272727,0.031818181818181815,30000.0,6600000.0
SHOP003,Hazelnut Latte,201,0.7389705882352942,0.8627651164678435,1.1675229436778778,0.48161764705882354,4,-6.205976355230013e-05,1.0836996336996336,0.7217247097844113,0.17412935323383086,0.5174129353233831,0.04477611940298507,23000.0,4623000.0
SHOP003,Hazelnut Latte (Gedhe),213,0.7830882352941176,0.827385601392122,1.0565675285382967,0.4485294117647059,3,0.0039181193027346874,0.9087771203155818,0.8513302034428795,0.17370892018779344,0.4413145539906103,0.04225352112676056,30000.0,6390000.0
SHOP003,Jasmine (Hot),211,0.7757352941176471,0.8386786108419225,1.0811401997583077,0.4522058823529412,3,-0.0037562646258298424,0.8768902038132808,0.6445497630331753,0.27014218009478674,0.4312796208530806,0.0,21000.0,4431000.0
SHOP003,Jasmine (Ice),239,0.8786764705882353,0.941284173525041,1.071252281166574,0.4264705882352941,4,-0.002368483381141609,0.9688431723315444,0.7207810320781032,0.1506276150627615,0.5062761506276151,0.0,21000.0,5019000.0
SHOP003,Jus Semangka,206,0.7573529411764706,0.8828123803855141,1.1656551818682517,0.48161764705882354,3,0.009688149688149685,0.9059263032772967,1.1443365695792882,0.17475728155339806,0.5242718446601942,0.07281553398058252,22000.0,4532000.0
SHOP003,Lemon Tea (Hot),218,0.8014705882352942,0.8644945219876831,1.0786353668837145,0.4375,4,0.006683894534361823,1.151781104801239,1.0813455657492355,0.22018348623853212,0.43119266055045874,0.0,21000.0,4578000.0
SHOP003,Lemon Tea (Ice),204,0.75,0.8807583630699439,1.1743444840932586,0.47794117647058826,4,0.00498960498960499,0.683974358974359,0.7999999999999999,0.20098039215686275,0.47058823529411764,0.0,21000.0,4284000.0
SHOP003,Lemons,222,0.8161764705882353,0.8462912678473069,1.036897409254358,0.40808823529411764,4,-0.00607413510639317,0.9423475075648988,0.8984984984984985,0.2072072072072072,0.44594594594594594,0.0,20000.0,4440000.0
SHOP003,Matcha Espresso,216,0.7941176470588235,0.9043818742071646,1.1388512490016147,0.4742647058823529,4,-0.003377158306735771,1.1183961452417828,0.8395061728395061,0.21296296296296297,0.4212962962962963,0.041666666666666664,25000.0,5400000.0
SHOP003,Matcha Latte (Gedhe),188,0.6911764705882353,0.8533214162590593,1.2345926873535327,0.5147058823529411,4,0.0036243565655330345,1.137547207314649,1.0127659574468084,0.2393617021276596,0.4574468085106383,0.06382978723404255,30000.0,5640000.0
SHOP003,Matcha Latte (Hot),200,0.7352941176470589,0.8201084407999226,1.1153474794878946,0.47794117647058826,3,-0.002068340529878992,1.065934065934066,0.9066666666666665,0.185,0.485,0.04,24000.0,4800000.0
SHOP003,Matcha Latte (Ice),213,0.7830882352941176,0.9038361989694117,1.1541945827215023,0.45588235294117646,5,-0.01263241263241263,0.9528804528804529,0.8513302034428795,0.17370892018779344,0.4835680751173709,0.03755868544600939,24000.0,5112000.0
SHOP003,Matchapresso,213,0.7830882352941176,0.8449726019800202,1.0790260457209648,0.4522058823529412,4,-0.0005423483684353246,1.1413768879522304,0.7236306729264476,0.215962441314554,0.41784037558685444,0.056338028169014086,25000.0,5325000.0
SHOP003,Matchapresso (Gedhe),182,0.6691176470588235,0.831857834456949,1.2432161042433525,0.5036764705882353,4,-0.0007087507087507087,1.1930373149885345,0.8967032967032967,0.17032967032967034,0.5164835164835165,0.06593406593406594,30000.0,5460000.0
SHOP003,Moody,178,0.6544117647058824,0.8032898941099899,1.2274991640332429,0.5110294117647058,4,0.00014504665667456295,0.9183431952662723,0.9677902621722846,0.1853932584269663,0.4438202247191011,0.06741573033707865,23000.0,4094000.0
SHOP003,Nostaltea,196,0.7205882352941176,0.8505290435836032,1.180326019667041,0.47058823529411764,4,0.0024433632681055348,1.0199225235196459,0.7401360544217687,0.1836734693877551,0.4846938775510204,0.0,15000.0,2940000.0
SHOP003,Not Tiramisu Latte,187,0.6875,0.7680128579652817,1.1171096115858643,0.4852941176470588,3,0.013610079183849676,0.9580246913580247,1.2606060606060607,0.20320855614973263,0.44385026737967914,0.058823529411764705,24000.0,4488000.0
SHOP003,Not Tiramisu Latte (Gedhe),216,0.7941176470588235,0.9084379536165,1.1439589045541112,0.4742647058823529,4,0.0009995202302894603,0.6917008041268395,0.7555555555555555,0.19907407407407407,0.4351851851851852,0.05555555555555555,30000.0,6480000.0
SHOP003,Nutella Meses,189,0.6948529411764706,0.8481658284152631,1.2206407689362517,0.5110294117647058,4,-0.01437223176353611,1.0472334682860998,0.47971781305114636,0.20105820105820105,0.4497354497354497,0.0,12000.0,2268000.0
SHOP003,Pisang Coklat,220,0.8088235294117647,0.8315002907780693,1.0280367231437948,0.4117647058823529,4,0.0054792391240989355,1.0203813280736358,1.36,0.2318181818181818,0.45,0.04090909090909091,22000.0,4840000.0
SHOP003,Red Apple,212,0.7794117647058824,0.9408317383366654,1.2071048718281745,0.4852941176470588,5,-0.004557812250119943,1.1745014245014245,1.1974842767295597,0.2028301886792453,0.4481132075471698,0.0,21000.0,4452000.0
SHOP003,Red Liquid,217,0.7977941176470589,0.9031779604267877,1.1320940333460194,0.47058823529411764,4,0.006454806454806453,1.1350886250215109,1.0027649769585254,0.22580645161290322,0.4792626728110599,0.05069124423963134,23000.0,4991000.0
SHOP003,Shakencano,213,0.7830882352941176,0.9078947162220654,1.1593772901990695,0.4742647058823529,4,0.010738146660476759,1.4081825037707392,1.0215962441314554,0.20187793427230047,0.460093896713615,0.0,21000.0,4473000.0
SHOP003,Sitrus Cafe,191,0.7022058823529411,0.7879577952049345,1.1221179073075507,0.4742647058823529,3,0.0006259361098070775,0.9552211073950204,0.9493891797556719,0.20418848167539266,0.44502617801047123,0.04712041884816754,24000.0,4584000.0
SHOP003,Soft Tea,194,0.7132352941176471,0.8778992994249374,1.2308691208432112,0.5147058823529411,3,-0.012517325017325016,1.034811903425042,0.747766323024055,0.17525773195876287,0.5051546391752577,0.0,18000.0,3492000.0
SHOP003,Summer,221,0.8125,0.9103924089288609,1.120482964835521,0.45955882352941174,4,0.010142421357374625,0.6537728937728938,1.1076923076923078,0.23529411764705882,0.416289592760181,0.05429864253393665,23000.0,5083000.0
SHOP003,Sunset,191,0.7022058823529411,0.8721143098110262,1.2419638338670111,0.5110294117647058,4,-0.004069062892592304,1.167061143984221,0.8544502617801047,0.18848167539267016,0.49214659685863876,0.041884816753926704,23000.0,4393000.0
SHOP003,Susu Oat,209,0.7683823529411765,0.8878429085580491,1.1554701967836811,0.45955882352941174,5,0.0006930006930006925,0.9103402044578516,0.8676236044657096,0.2679425837320574,0.41148325358851673,0.0,10000.0,2090000.0
SHOP003,Thai Tea,208,0.7647058823529411,0.9214382469306202,1.2049577075246571,0.47794117647058826,4,0.011577188047776283,1.1054131054131053,0.7410256410256411,0.19230769230769232,0.4519230769230769,0.0,21000.0,4368000.0
SHOP003,Thai Tea (Gedhe),194,0.7132352941176471,0.8261185664377413,1.1582693302632248,0.4889705882352941,4,-0.0003300003300003297,0.8177028451001054,1.2151202749140892,0.18041237113402062,0.4484536082474227,0.08762886597938144,30000.0,5820000.0
SHOP003,Upgrade Beans (Arabica),229,0.8419117647058824,0.8997593752726356,1.06870982565134,0.4411764705882353,4,-0.000911843017106175,0.9439295644114922,0.8710334788937408,0.16593886462882096,0.48034934497816595,0.0,4000.0,916000.0
SHOP003,Vanilla Latte,218,0.8014705882352942,0.8978721000000376,1.1202807853211478,0.45588235294117646,4,0.0009326364466551377,0.8597657486546375,1.1229357798165138,0.1743119266055046,0.47706422018348627,0.05504587155963303,23000.0,5014000.0
SHOP003,Vanilla Latte (Gedhe),208,0.7647058823529411,0.8422247684280209,1.101370851021258,0.4485294117647059,4,0.0018525761100018532,1.28897623058207,1.0897435897435899,0.14423076923076922,0.5288461538461539,0.057692307692307696,30000.0,6240000.0
SHOP003,WHITE,219,0.8051470588235294,0.9128832678533677,1.133809355507379,0.46691176470588236,4,0.00147542083025954,1.1931739431739432,1.076407914764079,0.2054794520547945,0.502283105022831,0.0319634703196347,30000.0,6570000.0
SHOP003,WHITE (Arabica),213,0.7830882352941176,0.879091705971937,1.1225959813350557,0.44485294117647056,5,0.005942903503879115,0.9087771203155818,1.0215962441314554,0.17370892018779344,0.49295774647887325,0.051643192488262914,30000.0,6390000.0
SHOP003,WHITE (Houseblend),207,0.7610294117647058,0.8648931244853361,1.1364779220290406,0.45955882352941174,4,0.002690473278708573,1.1131432669894208,1.0074074074074075,0.18840579710144928,0.4492753623188406,0.057971014492753624,30000.0,6210000.0
SHOP003,Waffle,226,0.8308823529411765,0.9319109640854639,1.1215919567754256,0.4485294117647059,4,0.005643005643005642,1.0704316780266148,1.1634218289085545,0.19469026548672566,0.4646017699115044,0.05752212389380531,25000.0,5650000.0
