Outlet,Item,cluster
SHOP001,Air Mineral,0
SHOP001,Americano (Hot Arabica),0
SHOP001,Americano (Hot Houseblend),0
SHOP001,Americano (Ice Arabica),0
SHOP001,Americano (Ice Houseblend),0
SHOP001,Apple Pie Latte,0
SHOP001,Apple Pie Latte (Gedhe),0
SHOP001,BLACK,-1
SHOP001,BLACK (Arabica),0
SHOP001,BLACK (Houseblend),0
SHOP001,Banana Bread (Chocolate),0
SHOP001,Banana Bread (Original),0
SHOP001,Basic Latte (Hot Arabica),0
SHOP001,Basic Latte (Hot Houseblend),-1
SHOP001,Basic Latte (Ice Arabica),0
SHOP001,Basic Latte (Ice Houseblend),0
SHOP001,Berry Cake,0
SHOP001,Biru,0
SHOP001,Biru (Gedhe),0
SHOP001,Black Rice (Hot),0
SHOP001,Black Rice (Ice),0
SHOP001,Burnt Sugar,0
SHOP001,Butterscotch,0
SHOP001,Butterscotch Latte (Gedhe),0
SHOP001,Candy Latte,0
SHOP001,Candy Latte (Gedhe),0
SHOP001,Cappuccino (Hot Arabica),0
SHOP001,Cappuccino (Hot Houseblend),0
SHOP001,Cappuccino (Ice Arabica),0
SHOP001,Cappuccino (Ice Houseblend),0
SHOP001,Chamomile,0
SHOP001,Chocolate (Gedhe),0
SHOP001,Chocolate (Hot),0
SHOP001,Chocolate (Ice),0
SHOP001,Cold Brew,0
SHOP001,Creamy Chocolate Cake,0
SHOP001,Creamy Klepon,0
SHOP001,Croffle,-1
SHOP001,Donat Polos,0
SHOP001,Espresso Arabica (Basic Espresso),0
SHOP001,Espresso Arabica (On The Rock),0
SHOP001,Espresso Houseblend (Basic Espresso),0
SHOP001,Espresso Houseblend (On The Rock),0
SHOP001,Extra Shot (Arabica),0
SHOP001,Extra Shot (Houseblend),0
SHOP001,Forbidden Berry,0
SHOP001,Friendly Coffee (Gedhe),0
SHOP001,Friendly Coffee (Hot double shot),0
SHOP001,Friendly Coffee (Hot),0
SHOP001,Friendly Coffee (Ice double shot),-1
SHOP001,Friendly Coffee (Ice),0
SHOP001,Green Apple,0
SHOP001,Green Thai Tea,0
SHOP001,Green Thai Tea (Gedhe),0
SHOP001,Gula Gula,0
SHOP001,Happy Moca (Hot),0
SHOP001,Happy Moca (Ice),0
SHOP001,Hazelnut Latte,0
SHOP001,Hazelnut Latte (Gedhe),0
SHOP001,Jasmine (Hot),0
SHOP001,Jasmine (Ice),0
SHOP001,Jus Semangka,0
SHOP001,Lemon Tea (Hot),0
SHOP001,Lemon Tea (Ice),0
SHOP001,Lemons,0
SHOP001,Matcha Espresso,0
SHOP001,Matcha Latte (Gedhe),0
SHOP001,Matcha Latte (Hot),0
SHOP001,Matcha Latte (Ice),0
SHOP001,Matchapresso,0
SHOP001,Matchapresso (Gedhe),0
SHOP001,Moody,0
SHOP001,Nostaltea,0
SHOP001,Not Tiramisu Latte,0
SHOP001,Not Tiramisu Latte (Gedhe),0
SHOP001,Nutella Meses,0
SHOP001,Pisang Coklat,0
SHOP001,Red Apple,0
SHOP001,Red Liquid,0
SHOP001,Shakencano,0
SHOP001,Sitrus Cafe,0
SHOP001,Soft Tea,0
SHOP001,Summer,0
SHOP001,Sunset,0
SHOP001,Susu Oat,0
SHOP001,Thai Tea,0
SHOP001,Thai Tea (Gedhe),0
SHOP001,Upgrade Beans (Arabica),0
SHOP001,Vanilla Latte,0
SHOP001,Vanilla Latte (Gedhe),0
SHOP001,WHITE,0
SHOP001,WHITE (Arabica),0
SHOP001,WHITE (Houseblend),0
SHOP001,Waffle,0
SHOP002,Air Mineral,1
SHOP002,Americano (Hot Arabica),-1
SHOP002,Americano (Hot Houseblend),-1
SHOP002,Americano (Ice Arabica),1
SHOP002,Americano (Ice Houseblend),1
SHOP002,Apple Pie Latte,1
SHOP002,Apple Pie Latte (Gedhe),-1
SHOP002,BLACK,-1
SHOP002,BLACK (Arabica),1
SHOP002,BLACK (Houseblend),-1
SHOP002,Banana Bread (Chocolate),1
SHOP002,Banana Bread (Original),1
SHOP002,Basic Latte (Hot Arabica),1
SHOP002,Basic Latte (Hot Houseblend),1
SHOP002,Basic Latte (Ice Arabica),1
SHOP002,Basic Latte (Ice Houseblend),1
SHOP002,Berry Cake,1
SHOP002,Biru,1
SHOP002,Biru (Gedhe),1
SHOP002,Black Rice (Hot),1
SHOP002,Black Rice (Ice),1
SHOP002,Burnt Sugar,1
SHOP002,Butterscotch,1
SHOP002,Butterscotch Latte (Gedhe),1
SHOP002,Candy Latte,1
SHOP002,Candy Latte (Gedhe),1
SHOP002,Cappuccino (Hot Arabica),1
SHOP002,Cappuccino (Hot Houseblend),1
SHOP002,Cappuccino (Ice Arabica),1
SHOP002,Cappuccino (Ice Houseblend),1
SHOP002,Chamomile,1
SHOP002,Chocolate (Gedhe),-1
SHOP002,Chocolate (Hot),1
SHOP002,Chocolate (Ice),1
SHOP002,Cold Brew,1
SHOP002,Creamy Chocolate Cake,1
SHOP002,Creamy Klepon,1
SHOP002,Croffle,1
SHOP002,Donat Polos,1
SHOP002,Espresso Arabica (Basic Espresso),1
SHOP002,Espresso Arabica (On The Rock),1
SHOP002,Espresso Houseblend (Basic Espresso),1
SHOP002,Espresso Houseblend (On The Rock),1
SHOP002,Extra Shot (Arabica),1
SHOP002,Extra Shot (Houseblend),1
SHOP002,Forbidden Berry,1
SHOP002,Friendly Coffee (Gedhe),1
SHOP002,Friendly Coffee (Hot double shot),1
SHOP002,Friendly Coffee (Hot),1
SHOP002,Friendly Coffee (Ice double shot),-1
SHOP002,Friendly Coffee (Ice),1
SHOP002,Green Apple,-1
SHOP002,Green Thai Tea,1
SHOP002,Green Thai Tea (Gedhe),1
SHOP002,Gula Gula,1
SHOP002,Happy Moca (Hot),1
SHOP002,Happy Moca (Ice),1
SHOP002,Hazelnut Latte,1
SHOP002,Hazelnut Latte (Gedhe),1
SHOP002,Jasmine (Hot),1
SHOP002,Jasmine (Ice),-1
SHOP002,Jus Semangka,1
SHOP002,Lemon Tea (Hot),1
SHOP002,Lemon Tea (Ice),1
SHOP002,Lemons,1
SHOP002,Matcha Espresso,-1
SHOP002,Matcha Latte (Gedhe),1
SHOP002,Matcha Latte (Hot),1
SHOP002,Matcha Latte (Ice),1
SHOP002,Matchapresso,-1
SHOP002,Matchapresso (Gedhe),-1
SHOP002,Moody,1
SHOP002,Nostaltea,1
SHOP002,Not Tiramisu Latte,1
SHOP002,Not Tiramisu Latte (Gedhe),1
SHOP002,Nutella Meses,1
SHOP002,Pisang Coklat,1
SHOP002,Red Apple,1
SHOP002,Red Liquid,1
SHOP002,Shakencano,1
SHOP002,Sitrus Cafe,1
SHOP002,Soft Tea,1
SHOP002,Summer,1
SHOP002,Sunset,1
SHOP002,Susu Oat,1
SHOP002,Thai Tea,1
SHOP002,Thai Tea (Gedhe),1
SHOP002,Upgrade Beans (Arabica),1
SHOP002,Vanilla Latte,1
SHOP002,Vanilla Latte (Gedhe),-1
SHOP002,WHITE,1
SHOP002,WHITE (Arabica),1
SHOP002,WHITE (Houseblend),1
SHOP002,Waffle,1
SHOP003,Air Mineral,1
SHOP003,Americano (Hot Arabica),1
SHOP003,Americano (Hot Houseblend),2
SHOP003,Americano (Ice Arabica),-1
SHOP003,Americano (Ice Houseblend),1
SHOP003,Apple Pie Latte,1
SHOP003,Apple Pie Latte (Gedhe),1
SHOP003,BLACK,1
SHOP003,BLACK (Arabica),1
SHOP003,BLACK (Houseblend),1
SHOP003,Banana Bread (Chocolate),1
SHOP003,Banana Bread (Original),-1
SHOP003,Basic Latte (Hot Arabica),1
SHOP003,Basic Latte (Hot Houseblend),1
SHOP003,Basic Latte (Ice Arabica),1
SHOP003,Basic Latte (Ice Houseblend),1
SHOP003,Berry Cake,1
SHOP003,Biru,1
SHOP003,Biru (Gedhe),1
SHOP003,Black Rice (Hot),1
SHOP003,Black Rice (Ice),1
SHOP003,Burnt Sugar,1
SHOP003,Butterscotch,1
SHOP003,Butterscotch Latte (Gedhe),-1
SHOP003,Candy Latte,1
SHOP003,Candy Latte (Gedhe),1
SHOP003,Cappuccino (Hot Arabica),1
SHOP003,Cappuccino (Hot Houseblend),2
SHOP003,Cappuccino (Ice Arabica),1
SHOP003,Cappuccino (Ice Houseblend),1
SHOP003,Chamomile,1
SHOP003,Chocolate (Gedhe),1
SHOP003,Chocolate (Hot),1
SHOP003,Chocolate (Ice),1
SHOP003,Cold Brew,1
SHOP003,Creamy Chocolate Cake,1
SHOP003,Creamy Klepon,-1
SHOP003,Croffle,-1
SHOP003,Donat Polos,1
SHOP003,Espresso Arabica (Basic Espresso),1
SHOP003,Espresso Arabica (On The Rock),1
SHOP003,Espresso Houseblend (Basic Espresso),1
SHOP003,Espresso Houseblend (On The Rock),1
SHOP003,Extra Shot (Arabica),1
SHOP003,Extra Shot (Houseblend),1
SHOP003,Forbidden Berry,1
SHOP003,Friendly Coffee (Gedhe),1
SHOP003,Friendly Coffee (Hot double shot),1
SHOP003,Friendly Coffee (Hot),1
SHOP003,Friendly Coffee (Ice double shot),1
SHOP003,Friendly Coffee (Ice),1
SHOP003,Green Apple,1
SHOP003,Green Thai Tea,1
SHOP003,Green Thai Tea (Gedhe),1
SHOP003,Gula Gula,1
SHOP003,Happy Moca (Hot),1
SHOP003,Happy Moca (Ice),1
SHOP003,Hazelnut Latte,1
SHOP003,Hazelnut Latte (Gedhe),1
SHOP003,Jasmine (Hot),-1
SHOP003,Jasmine (Ice),1
SHOP003,Jus Semangka,1
SHOP003,Lemon Tea (Hot),2
SHOP003,Lemon Tea (Ice),-1
SHOP003,Lemons,1
SHOP003,Matcha Espresso,1
SHOP003,Matcha Latte (Gedhe),1
SHOP003,Matcha Latte (Hot),1
SHOP003,Matcha Latte (Ice),1
SHOP003,Matchapresso,1
SHOP003,Matchapresso (Gedhe),1
SHOP003,Moody,1
SHOP003,Nostaltea,1
SHOP003,Not Tiramisu Latte,1
SHOP003,Not Tiramisu Latte (Gedhe),1
SHOP003,Nutella Meses,1
SHOP003,Pisang Coklat,1
SHOP003,Red Apple,-1
SHOP003,Red Liquid,1
SHOP003,Shakencano,2
SHOP003,Sitrus Cafe,1
SHOP003,Soft Tea,1
SHOP003,Summer,1
SHOP003,Sunset,1
SHOP003,Susu Oat,0
SHOP003,Thai Tea,-1
SHOP003,Thai Tea (Gedhe),1
SHOP003,Upgrade Beans (Arabica),1
SHOP003,Vanilla Latte,1
SHOP003,Vanilla Latte (Gedhe),1
SHOP003,WHITE,1
SHOP003,WHITE (Arabica),1
SHOP003,WHITE (Houseblend),1
SHOP003,Waffle,1
