Outlet,Item,mean_daily,max_daily,trend_weekly_pct,weekend_ratio,momentum_30d,share_morning,share_evening,loyalty_share,avg_price
SHOP001,Air Mineral,1.3227140975264509,0.672431618982427,-0.9749609087309272,-0.10910721085778204,-0.4610930408386267,0.16654899042850138,0.7935431588659724,-1.130616944061932,-2.6809864411033395
SHOP001,Americano (Hot Arabica),1.511246652452383,1.6253246669876755,-0.22742976296500014,0.6090172248136904,0.319884443790256,0.10784118730407173,-0.4301858746120595,-1.130616944061932,-0.30500222868617516
SHOP001,Americano (Hot Houseblend),0.7822541067387792,1.6253246669876755,-0.04579044290175229,0.5792058719042958,-0.2985696004349485,0.7273033495074667,0.3431225678992655,-1.130616944061932,-0.30500222868617516
SHOP001,Americano (Ice Arabica),1.2347322385610162,0.672431618982427,-0.8847582598774408,0.8916656483950001,-0.6624098870529477,0.5018419310191226,-0.6546090212672809,-1.130616944061932,-0.30500222868617516
SHOP001,Americano (Ice Houseblend),1.3729894455066993,0.672431618982427,-0.6284429028136715,-0.21353369098167946,0.060750931069784214,0.8185902492773842,-0.9334673026595245,-1.130616944061932,-0.30500222868617516
SHOP001,Apple Pie Latte,1.071337357625208,2.5782177149929244,-1.3110092363204944,2.0504213325936163,-1.880286799117747,-0.04160171773488926,0.6533272182101384,0.14193000599839795,0.3285935612917354
SHOP001,Apple Pie Latte (Gedhe),1.2473010755560783,1.6253246669876755,-1.0979085544375866,0.5503955554152833,0.362174674739585,0.9372346023952772,-0.6881580769754425,0.08608155050985664,1.2789872462586012
SHOP001,BLACK,0.8199606177239654,0.672431618982427,-0.8983971564495308,-0.18128107980873703,-1.8394873323826109,0.47977171392082696,1.0403636768002305,-1.130616944061932,-0.30500222868617516
SHOP001,BLACK (Arabica),1.184456890580767,0.672431618982427,-0.16887576203599966,0.9190805055178216,0.29419484325757267,0.626364459061239,-0.18732990441644884,-1.130616944061932,-0.30500222868617516
SHOP001,BLACK (Houseblend),1.6872103703832533,1.6253246669876755,0.4276881488200288,-0.71283747670901,0.38353039157403557,0.4749492248892701,-0.2752082238513833,-1.130616944061932,-0.30500222868617516
SHOP001,Banana Bread (Chocolate),1.0964750316153322,1.6253246669876755,0.15518114168826108,-0.39380120024605364,0.25691419191731957,0.925458365815848,-0.6096364190770968,-1.130616944061932,-1.5721938086419962
SHOP001,Banana Bread (Original),1.2598699125511403,1.6253246669876755,0.43106570340202677,0.7231857544666959,0.050420465789023414,0.5815295814373793,0.7398360308957254,-1.130616944061932,-1.5721938086419962
SHOP001,Basic Latte (Hot Arabica),1.2850075865412645,0.672431618982427,-0.449375230613313,-0.1233729824754978,-0.12672065058485912,1.163892870146204,-0.7875549687319177,0.5568909679745924,0.17019461379725775
SHOP001,Basic Latte (Hot Houseblend),0.9456489876745864,-0.2804614290228217,0.9332473245760945,0.046215016857555226,1.585731627489869,0.4240451740006215,0.09173050357640061,0.44820401770783314,0.17019461379725775
SHOP001,Basic Latte (Ice Arabica),1.6117973484128798,0.672431618982427,-0.46752862867577166,-0.41240992046922537,0.880992971953001,0.720692918834473,-0.30810617872421997,-0.23837138137595362,0.17019461379725775
SHOP001,Basic Latte (Ice Houseblend),1.4484024674770726,0.672431618982427,-0.5434780052638363,0.8572880571460735,0.11438086114511724,0.9874846387621461,-1.1201531024716604,1.6499931080101922,0.17019461379725775
SHOP001,Berry Cake,1.0084931726498976,0.672431618982427,-0.16886315140113997,-0.30280802693111675,0.21789377684785338,0.7579757478301586,-0.7918579520697038,0.1631391218327367,0.3285935612917354
SHOP001,Biru,0.9079424766894001,0.672431618982427,-1.890419102004112,0.6852763291957752,-0.9394399182694156,0.10711515853636175,-0.5913787163884748,0.9961053560388933,0.3285935612917354
SHOP001,Biru (Gedhe),1.4106959564918864,0.672431618982427,0.08605709579873079,-0.10741175900885902,1.1560291777046905,0.9309391265243372,-1.6536599733933501,0.6229680850121672,1.2789872462586012
SHOP001,Black Rice (Hot),1.5615220004326316,0.672431618982427,0.02782672202134676,0.6826688025898399,0.9473534518291354,0.4702139643414894,-0.40619681608432456,0.5617965142305126,0.17019461379725775
SHOP001,Black Rice (Ice),1.498677815457321,-0.2804614290228217,-0.3666551856283246,-0.37237780100842083,0.6140409530328238,0.8664148905727753,-1.0110340259322326,0.014299928411226131,0.17019461379725775
SHOP001,Burnt Sugar,1.046199683635084,1.6253246669876755,-0.5728893572045087,1.5385894109884286,-2.016904419413025,0.6437893936783543,-0.7249806442034596,-1.130616944061932,-1.5721938086419962
SHOP001,Butterscotch,1.4484024674770726,1.6253246669876755,0.16148924292260283,-0.36372733214753017,0.8201507409365009,0.2881997367037492,0.43084760808876577,0.49140558631347364,0.17019461379725775
SHOP001,Butterscotch Latte (Gedhe),1.0964750316153322,0.672431618982427,1.1077117472822597,0.6189925131965162,0.7189980545820359,0.3971837530105202,-0.01727539851289468,0.3864911462380051,1.2789872462586012
SHOP001,Candy Latte,1.1467503795955807,1.6253246669876755,-1.2006218772285868,-0.3069802564200845,-0.2646016788071694,0.2728061289166605,-0.8313976647178066,0.7413773635027011,0.17019461379725775
SHOP001,Candy Latte (Gedhe),1.2598699125511403,0.672431618982427,-0.322800929393334,0.12346347117930768,0.3459616029516656,1.4825312821664671,-1.2897938051892073,0.4461482612471956,1.2789872462586012
SHOP001,Cappuccino (Hot Arabica),1.2221634015659542,0.672431618982427,-0.25788744316718154,0.40922500461911887,0.09656963389486192,-0.16367982995034192,-0.29303426928478343,0.5835078120130235,0.011795666302780127
SHOP001,Cappuccino (Hot Houseblend),1.2095945645708919,0.672431618982427,-0.8136441313033197,0.7479048122631262,-0.9353401625952331,0.8773489689394138,-1.1623638813033692,0.7117572004083242,0.011795666302780127
SHOP001,Cappuccino (Ice Arabica),1.2598699125511403,1.6253246669876755,0.34997619862221285,1.141425257711663,1.8236672887648766,0.8630926129152193,-1.1274234183024132,0.9313067859576962,0.011795666302780127
SHOP001,Cappuccino (Ice Houseblend),1.033630846640022,0.672431618982427,-1.2381407105797617,-0.3575438089518249,0.18449045185287022,0.18435788802824107,-0.5177279920453757,0.41160882985224273,0.011795666302780127
SHOP001,Chamomile,0.9833554986597735,0.672431618982427,-0.15950580297551503,-1.0262199457409749,0.2517454686212921,0.7950639610145331,-0.45941639037217724,-1.130616944061932,-0.30500222868617516
SHOP001,Chocolate (Gedhe),1.1593192165906427,0.672431618982427,0.17819660323995515,0.6680376810787519,0.3270166582617527,1.411779546051523,-1.1149333885418906,0.6109777600270452,1.2789872462586012
SHOP001,Chocolate (Hot),1.347851771516575,2.5782177149929244,-0.2966695563368446,2.318372714082878,1.1028903563880974,1.1282957129004632,-1.5847418474239348,0.29370166059274927,0.48699250878621303
SHOP001,Chocolate (Ice),1.6369350224030048,3.531110762998173,0.8355967928564004,-1.2701718307956211,0.4430679765908191,0.6893279992031813,0.37102329496714803,0.08921020378161287,0.48699250878621303
SHOP001,Cold Brew,1.2975764235363267,0.672431618982427,-0.3982743841100931,0.4292137551743273,-0.14126952874835624,0.14131493469957962,0.386190312088109,0.43150338317930886,0.3285935612917354
SHOP001,Creamy Chocolate Cake,0.895373639694338,-0.2804614290228217,-0.366433431121765,0.38638859199032793,-0.2760966324851676,1.3004345037330332,-1.357866613437279,-0.46373237401313366,1.2789872462586012
SHOP001,Creamy Klepon,1.511246652452383,2.5782177149929244,-0.3787038471514134,1.0976606127224884,-0.23642828498648205,0.6378421877329471,-1.347101000561017,0.695862207789365,0.3285935612917354
SHOP001,Croffle,1.1718880535857048,1.6253246669876755,0.1745731698241581,-0.8254088210938809,-1.9555768054634803,0.06787945053052087,-0.5666490150288505,1.1014222750534708,0.9621893512696459
SHOP001,Donat Polos,1.3227140975264509,0.672431618982427,-0.5173011177339196,-0.10910721085778204,-1.7705676178054117,1.1091353850373928,-0.40549969814420334,-1.130616944061932,-1.8889917036309514
SHOP001,Espresso Arabica (Basic Espresso),1.1090438686103945,1.6253246669876755,0.6293580235920199,-0.12767023494728563,1.31510624104994,0.6144395461555682,0.03025635313720077,-1.130616944061932,-1.5721938086419962
SHOP001,Espresso Arabica (On The Rock),1.3101452605313888,0.672431618982427,0.38695482286061145,1.2166045245834802,0.2821101227004778,-0.040689957260563375,0.18958083089047603,-1.130616944061932,-1.5721938086419962
SHOP001,Espresso Houseblend (Basic Espresso),1.4609713044721346,1.6253246669876755,-0.3562327238200089,1.1262228020838445,1.225548320697624,1.5602963099079654,-1.0732999560068153,-1.130616944061932,-1.5721938086419962
SHOP001,Espresso Houseblend (On The Rock),1.2850075865412645,0.672431618982427,-0.949140101031344,-0.6763586613134063,-0.2735733895476622,0.5483016460455846,-0.4648312183979153,-1.130616944061932,-1.5721938086419962
SHOP001,Extra Shot (Arabica),1.2598699125511403,0.672431618982427,-0.7199944571042656,-1.0730657787405997,-0.5406618085362616,0.5815295814373793,-0.4779418707552342,-1.130616944061932,-2.3641885461143843
SHOP001,Extra Shot (Houseblend),1.1467503795955807,0.672431618982427,-0.26219445999610974,-0.014286647769371578,0.19153898305157158,0.7942862129399276,0.003948377143516483,-1.130616944061932,-2.522587493608862
SHOP001,Forbidden Berry,1.3227140975264509,0.672431618982427,-0.2727215156398118,0.8710362907437893,-0.8975845664942217,1.1091353850373928,-0.4854358886115486,-0.17522784924740742,0.3285935612917354
SHOP001,Friendly Coffee (Gedhe),1.0210620096449596,0.672431618982427,0.7349824839204963,0.17758600225639964,0.04403834820909898,0.9192181341400382,-0.5680277664698348,0.15884092892278776,1.2789872462586012
SHOP001,Friendly Coffee (Hot double shot),1.2598699125511403,0.672431618982427,-1.3655404072067543,-0.3526091746774195,-1.870596925768152,0.29996654995953936,0.6586508374523283,0.4461482612471956,0.17019461379725775
SHOP001,Friendly Coffee (Hot),1.486108978462259,0.672431618982427,0.0846804439984556,-1.19596719943373,1.3296414233894536,0.6698304137943348,-0.5192550461169627,0.8215001967850534,0.17019461379725775
SHOP001,Friendly Coffee (Ice double shot),1.058768520630146,0.672431618982427,-0.28259931355007223,-0.31331154172851844,-0.47066522341879335,0.7445397575561284,0.5219178800739745,0.14611601570254362,0.17019461379725775
SHOP001,Friendly Coffee (Ice),1.5489531634375693,0.672431618982427,0.9197292672586677,0.7121162496817742,0.9641854102816825,-0.09241575046730496,0.8375896311643061,0.4535741570335806,0.17019461379725775
SHOP001,Green Apple,1.486108978462259,1.6253246669876755,-0.1467819297622004,-0.5232436335344877,0.7700369033181785,0.40326186328277097,-0.28866988130731386,-1.130616944061932,-0.1466032811916975
SHOP001,Green Thai Tea,1.2975764235363267,0.672431618982427,0.5468697070338957,-1.557485692964531,0.8835170768930044,0.30868367167711913,-0.6594146560992996,-1.130616944061932,-0.1466032811916975
SHOP001,Green Thai Tea (Gedhe),1.2850075865412645,1.6253246669876755,0.24739606007209936,-1.6206708991676537,-0.2735733895476622,0.9960043544823983,-0.222788405647415,-0.04579042918130915,1.2789872462586012
SHOP001,Gula Gula,1.184456890580767,0.672431618982427,0.9010049311095283,1.9189275454149854,-0.6093704168575126,0.5689758157026984,0.5572986214338193,-1.130616944061932,-1.5721938086419962
SHOP001,Happy Moca (Hot),1.335282934521513,0.672431618982427,-0.49103428033135027,0.5376466730746593,0.39582283774904375,0.20668799965399753,-1.395384363532767,0.059956122712303,1.2789872462586012
SHOP001,Happy Moca (Ice),1.0210620096449596,1.6253246669876755,-1.552239758449568,-1.279249083192891,-0.11305993068134254,0.26067868510216624,-0.30909824585301926,-0.09905064567415627,1.2789872462586012
SHOP001,Hazelnut Latte,1.0964750316153322,0.672431618982427,-0.4940945144500951,0.8330711843791663,-0.9753094418552616,0.221092215408744,0.1519706073625902,0.1336397978546824,0.17019461379725775
SHOP001,Hazelnut Latte (Gedhe),1.6243661854079428,0.672431618982427,0.0072299522572939826,0.7258336465499345,0.7291488939719967,0.4984321824625445,-0.26532506041923176,-0.1297168357766582,1.2789872462586012
SHOP001,Jasmine (Hot),1.8254675773289364,1.6253246669876755,0.977297422321118,0.3755867093122203,2.4289193436390564,0.6625271658351138,-0.2532924313639154,-1.130616944061932,-0.1466032811916975
SHOP001,Jasmine (Ice),1.2598699125511403,0.672431618982427,1.32809926179056,-1.4155779347706354,0.19819103437034394,-0.037909087813868446,0.6586508374523283,-1.130616944061932,-0.1466032811916975
SHOP001,Jus Semangka,1.7500545553585638,2.5782177149929244,0.06121845482064495,0.8090177183110895,-1.0062008421448247,0.5023154695174303,0.4388402301348279,0.5991961802540596,0.011795666302780127
SHOP001,Lemon Tea (Hot),1.184456890580767,-0.2804614290228217,-0.15953161346394126,-0.2907197307160447,-0.15758778679996965,0.28203259890999527,0.060879604200307205,-1.130616944061932,-0.1466032811916975
SHOP001,Lemon Tea (Ice),1.1593192165906427,0.672431618982427,-0.6510589637310631,-0.04245745274887537,-0.1276620142961581,0.5454317568889384,-0.4487984679806814,-1.130616944061932,-0.1466032811916975
SHOP001,Lemons,1.5615220004326316,-0.2804614290228217,-1.3899175967376265,-0.23059636269897693,-0.4272564884622244,0.5225977841513202,0.19797206535491085,-1.130616944061932,-0.30500222868617516
SHOP001,Matcha Espresso,1.071337357625208,0.672431618982427,0.1589115900545827,-0.24208458200863658,0.29024483119149574,0.8446294633101152,-0.7095193077904987,0.5236940910164968,0.48699250878621303
SHOP001,Matcha Latte (Gedhe),1.0964750316153322,0.672431618982427,-1.5978631298852997,-0.39380120024605364,-0.6672535334121166,0.1623950362081519,0.4904626191135628,0.1336397978546824,1.2789872462586012
SHOP001,Matcha Latte (Hot),1.2221634015659542,0.672431618982427,-0.48027122628714913,1.0307675685411173,-0.9476135636513825,0.4047755017399339,-0.6208482995925084,0.2161953642826758,0.3285935612917354
SHOP001,Matcha Latte (Ice),1.360420608511637,0.672431618982427,0.22212075099434198,0.6757077403731103,0.6523152207422099,0.7257447926821265,0.6824123574845422,0.5260219208031928,0.3285935612917354
SHOP001,Matchapresso,1.360420608511637,2.5782177149929244,-1.0978502361492464,0.2836382159238314,0.5081488123701896,0.8905621769618379,-1.1393041783185194,0.6443532682935587,0.48699250878621303
SHOP001,Matchapresso (Gedhe),1.2598699125511403,1.6253246669876755,-1.2430161194849785,0.2212058197091838,-0.39289123995494046,0.13102873107283494,0.7398360308957254,0.5674378924248206,1.2789872462586012
SHOP001,Moody,1.033630846640022,0.672431618982427,-0.7299859601083106,0.5685460548033617,-0.28524380588907744,0.7213787692574986,-0.5177279920453757,0.7971652733307862,0.17019461379725775
SHOP001,Nostaltea,1.360420608511637,0.672431618982427,-0.2576101789588194,-0.37077194620842463,-0.2126832294899141,1.1103186893347863,-1.3769193786406582,-1.130616944061932,-1.0969969661585632
SHOP001,Not Tiramisu Latte,1.5489531634375693,0.672431618982427,-0.18031987541458086,-0.7220923540339322,-0.5522938941097175,1.2735343497633824,-1.2831664424591347,0.793043678696905,0.3285935612917354
SHOP001,Not Tiramisu Latte (Gedhe),1.6243661854079428,1.6253246669876755,-1.443216255337588,0.17460755076557685,-0.6257674941661916,1.2729322117425623,-0.41420335212059045,0.42633877993738295,1.2789872462586012
SHOP001,Nutella Meses,1.2221634015659542,0.672431618982427,-0.3181856787721759,0.3088862947483036,-0.3509374507678145,0.6890031675850723,-0.8667088223233014,-1.130616944061932,-1.5721938086419962
SHOP001,Pisang Coklat,1.511246652452383,0.672431618982427,-1.4644878294376014,-0.6552009483839559,-0.09735010279229826,-0.15715931291036597,-0.2773666869539004,0.46755231380795287,0.011795666302780127
SHOP001,Red Apple,0.9959243356548355,2.5782177149929244,0.38974139073256187,-0.8613099525463531,0.39291211805275367,1.6202052460529561,-1.5385083108552668,-1.130616944061932,-0.1466032811916975
SHOP001,Red Liquid,0.9707866616647106,-0.2804614290228217,-0.3575132993322933,0.1954524562706434,-0.8456562817360923,0.8744688970153344,-1.2974476281401,1.0909843812117417,0.17019461379725775
SHOP001,Shakencano,1.3855582825017614,1.6253246669876755,-0.21053139678187482,-0.33000070383861674,-0.6705207930471194,0.14638671460798988,-0.17780267075237186,-1.130616944061932,-0.1466032811916975
SHOP001,Sitrus Cafe,1.511246652452383,0.672431618982427,-0.38584035024284097,0.140649496154218,0.876197172566994,0.9028426879473849,-0.12454749929573987,0.5817072607986591,0.3285935612917354
SHOP001,Soft Tea,1.335282934521513,0.672431618982427,0.08811047553139074,-0.9440951520873139,-0.909634946036861,0.37251653353051684,0.5968903221947742,-1.130616944061932,-0.6218001236751304
SHOP001,Summer,1.2347322385610162,-0.2804614290228217,-1.0266445376882527,-0.8517390677466137,-0.06761011414700077,0.615175478280643,-0.08273847625718686,0.21196010545140342,0.17019461379725775
SHOP001,Sunset,1.4484024674770726,1.6253246669876755,-0.41759162718383785,0.6605329247864278,0.11438086114511724,0.5033643219524868,-0.49975281824749085,0.49140558631347364,0.17019461379725775
SHOP001,Susu Oat,1.3227140975264509,0.672431618982427,-0.2741723283165594,1.0777090833891885,-0.024601515183031657,-0.05523604359712008,-1.044989221882963,-1.130616944061932,-1.8889917036309514
SHOP001,Thai Tea,1.184456890580767,0.672431618982427,0.2383342071342996,-0.7578660144629581,-0.45877620683833176,0.33942124226853587,0.7227716271783233,-1.130616944061932,-0.1466032811916975
SHOP001,Thai Tea (Gedhe),1.3729894455066993,0.672431618982427,-0.41963063850496135,0.7447382740223358,-0.22670549413400165,0.10655243107202633,0.09306888191352287,0.9928732552788617,1.2789872462586012
SHOP001,Upgrade Beans (Arabica),1.3981271194968234,1.6253246669876755,-0.719752606704448,0.7825839613300257,0.4598029775384845,0.13153911723261413,-0.05460155690839574,-1.130616944061932,-2.839385388597817
SHOP001,Vanilla Latte,1.1216127056054566,2.5782177149929244,0.6319761249693412,0.14332156990031736,1.6012941030357046,0.8886064151203309,-0.258820669034221,0.2510642913595589,0.17019461379725775
SHOP001,Vanilla Latte (Gedhe),1.3101452605313888,1.6253246669876755,0.1417955147157728,-0.8119002597676972,0.5740026038487662,0.1261622095411193,0.5103124593088357,1.0256431657625158,1.2789872462586012
SHOP001,WHITE,1.184456890580767,0.672431618982427,0.8906025221377842,-0.573444785922873,-0.6093704168575126,1.372416822722267,-1.014694933138969,0.47627753268622336,1.2789872462586012
SHOP001,WHITE (Arabica),1.5866596744227557,0.672431618982427,-0.7873557556314484,-0.451243114519403,0.09398288774074195,0.387853276547998,-0.31932571246697894,0.1033122517335612,1.2789872462586012
SHOP001,WHITE (Houseblend),1.4484024674770726,0.672431618982427,-0.40152382818216203,-0.4522624959361578,0.11438086114511724,-0.08833828748154118,0.275747537032723,0.25968808197413,1.2789872462586012
SHOP001,Waffle,1.4106959564918864,0.672431618982427,0.4263257787446686,0.4579045048936584,-0.5531243866093851,0.4967214394259822,-0.6363997181989732,-0.0784659266174725,0.48699250878621303
SHOP002,Air Mineral,-1.0025207465600456,-0.2804614290228217,-0.9508455814389665,1.1262228020838445,-0.0973501027922977,-0.005730455644972564,-0.037222249205363246,-1.130616944061932,-2.6809864411033395
SHOP002,Americano (Hot Arabica),-0.8391258656242376,-0.2804614290228217,-1.3878033587817142,-0.3672130247597812,0.7371189903728097,0.7673979878377838,0.18958083089047603,-1.130616944061932,-0.30500222868617516
SHOP002,Americano (Hot Houseblend),-0.9773830725699211,-0.2804614290228217,1.4215414760555922,1.2121325122723,-0.49695502064601177,-0.5804136329711717,-0.37960487588013375,-1.130616944061932,-0.30500222868617516
SHOP002,Americano (Ice Arabica),-1.2664663234563505,-0.2804614290228217,-0.4007490013741718,1.9403825171005868,-1.6470784186703555,0.07755541585099325,0.213837844804471,-1.130616944061932,-0.30500222868617516
SHOP002,Americano (Ice Houseblend),-0.9396765615847348,-0.2804614290228217,-0.32410938742529594,0.3095752040571215,-0.586521640164947,0.45142804275451576,-0.4275510610317463,-1.130616944061932,-0.30500222868617516
SHOP002,Apple Pie Latte,-1.0905026055254805,-1.2333544770280702,0.9459433378674614,-1.926876129228935,-0.5595497759489115,-0.974476645150684,0.558542779371747,0.9121557915612291,0.3285935612917354
SHOP002,Apple Pie Latte (Gedhe),-1.0276584205501698,-1.2333544770280702,0.057577611680534053,-1.7564895667070743,0.3138375663035524,0.19387033519977356,0.6915955536322572,1.681896242665609,1.2789872462586012
SHOP002,BLACK,-0.9019700505995485,-1.2333544770280702,0.22606462961056425,-1.073065778740599,0.9250624798244109,0.3456254199289186,1.6328731587730954,-1.130616944061932,-0.30500222868617516
SHOP002,BLACK (Arabica),-0.9396765615847348,-1.2333544770280702,-0.10463595345422891,-1.1209860574512234,-0.586521640164947,0.575704139406803,-0.4275510610317463,-1.130616944061932,-0.30500222868617516
SHOP002,BLACK (Houseblend),-1.052796094540294,-0.2804614290228217,0.5872960162789906,-1.6700155363929483,0.7371189903728097,-0.6606602633177971,-0.08634270238120009,-1.130616944061932,-0.30500222868617516
SHOP002,Banana Bread (Chocolate),-0.964814235574859,-0.2804614290228217,-0.3705235697983144,-0.6253534605013373,-2.180605111603092,0.020372490729796036,1.7237097388496252,-1.130616944061932,-1.5721938086419962
SHOP002,Banana Bread (Original),-1.2538974864612884,-1.2333544770280702,-0.05290314567453863,-1.3026618393761182,0.6907595963080823,1.9893447388265793,-2.6970038248747614,-1.130616944061932,-1.5721938086419962
SHOP002,Basic Latte (Hot Arabica),-1.052796094540294,-1.2333544770280702,0.15104599376769826,1.197938734067251,0.7371189903728097,1.0618429880760478,-0.46839067152659924,1.1524819957521892,0.17019461379725775
SHOP002,Basic Latte (Hot Houseblend),-1.1156402795156048,-0.2804614290228217,1.3031100499122883,1.6286464864963262,2.7542834649449524,2.247265073004753,-1.0443790219557318,0.6470631464803609,0.17019461379725775
SHOP002,Basic Latte (Ice Arabica),-1.052796094540294,-1.2333544770280702,-1.1214730308128043,-0.86620200133632,0.38942353488734816,1.0618429880760478,-2.1876065326808947,2.5794188331360153,0.17019461379725775
SHOP002,Basic Latte (Ice Houseblend),-1.4047235304020342,-1.2333544770280702,1.426204895624812,0.9033219324056921,0.8658950849970553,0.7379534878139575,0.18958083089047603,1.7443965357039986,0.17019461379725775
SHOP002,Berry Cake,-1.052796094540294,-0.2804614290228217,1.7561597663762052,-0.6552009483839538,1.0848144458582711,-0.3956597631033595,0.29570526676419906,0.29631989332189385,0.3285935612917354
SHOP002,Biru,-1.040227257545232,-0.2804614290228217,-0.5746669357434298,-0.4985016370002126,-0.33896037550920216,0.23008959324241107,0.021021142962580126,0.5692085439748591,0.3285935612917354
SHOP002,Biru (Gedhe),-1.3167416714365991,-1.2333544770280702,1.7102544574438816,-0.5134253809415222,-0.3029439373402236,0.24610231785073522,0.16448009475338748,1.9068972976038123,1.2789872462586012
SHOP002,Black Rice (Hot),-1.0276584205501698,-0.2804614290228217,1.8611396862022391,-0.7658122270077726,-1.0567879973492817,0.5856102050819855,-1.002704135621252,-0.005611669370915722,0.17019461379725775
SHOP002,Black Rice (Ice),-1.1784844644909154,-1.2333544770280702,0.14852822225154913,-0.7360780123239506,0.42805636327462115,0.38041313038177904,-1.253711496992142,1.3336803243088655,0.17019461379725775
SHOP002,Burnt Sugar,-1.228759812471164,-0.2804614290228217,-1.917558375104982,0.00761912735417033,0.21272584439473682,1.5831554475142855,-1.348353616853298,-1.130616944061932,-1.5721938086419962
SHOP002,Butterscotch,-1.0779337685304182,-0.2804614290228217,1.1993460204191426,-1.1764976674427396,-1.6500438383333444,0.4764687487963944,-0.11200264060738467,0.3176174580589657,0.17019461379725775
SHOP002,Butterscotch Latte (Gedhe),-1.2664663234563505,-1.2333544770280702,-0.5864690270432588,2.250859008187254,0.7371189903728097,0.38041313038177904,-1.096040906551184,0.8263250043501721,1.2789872462586012
SHOP002,Candy Latte,-0.9899519095649832,-1.2333544770280702,2.2000396723548663,-2.413561362849304,0.20447914367167686,0.47170003015169665,-1.5915033184114786,0.7962537923769364,0.17019461379725775
SHOP002,Candy Latte (Gedhe),-1.0025207465600456,-1.2333544770280702,2.012683802422424,-2.0227585750057004,2.266978994508841,1.5388438884620348,-0.7794868749735674,0.25555026939664155,1.2789872462586012
SHOP002,Cappuccino (Hot Arabica),-1.2538974864612884,-1.2333544770280702,-0.8715655576756289,0.41930861539027353,-2.8557340496436265,1.68901083858355,-1.6145345789627967,2.750651253622075,0.011795666302780127
SHOP002,Cappuccino (Hot Houseblend),-1.3293105084316612,-1.2333544770280702,1.8739214374187902,-1.1945381131466006,2.2254995366614514,0.2900871453462815,0.7213201095840731,1.2526179141650895,0.011795666302780127
SHOP002,Cappuccino (Ice Arabica),-1.1659156274958533,-1.2333544770280702,1.618207406705904,-1.0180835642199886,-1.4749906791724892,1.3331033426262595,-2.560629746649631,0.09182973237397543,0.011795666302780127
SHOP002,Cappuccino (Ice Houseblend),-1.0025207465600456,-0.2804614290228217,1.0487251255062608,0.1931912829462024,-0.0973501027922977,0.8952712450841152,-0.222788405647415,1.3644840401635006,0.011795666302780127
SHOP002,Chamomile,-1.128209116510667,-1.2333544770280702,0.31091255761565495,-0.746608880024471,-1.1885789169312853,0.6378421877329471,-0.16569112674216732,-1.130616944061932,-0.30500222868617516
SHOP002,Chocolate (Gedhe),-0.7385751696637405,-0.2804614290228217,-1.2027756090406747,-0.7658122270077733,0.46069030526635607,1.163892870146204,0.09993534468658731,1.5211812034240353,1.2789872462586012
SHOP002,Chocolate (Hot),-1.0276584205501698,-1.2333544770280702,0.6849763961351334,0.5592187148400424,-1.39944438826249,0.7161901617093901,-1.1909596566494192,0.5568909679745924,0.48699250878621303
SHOP002,Chocolate (Ice),-1.0276584205501698,-0.2804614290228217,3.115588203802657,-2.127311910374335,-0.028818824609656103,0.7161901617093901,0.3150845115759217,1.1193936053201006,0.48699250878621303
SHOP002,Cold Brew,-0.964814235574859,-0.2804614290228217,-0.6077516130381858,2.3902161032913725,-0.8579035187073498,0.020372490729796036,-0.8197145032931734,1.5835566207520588,0.3285935612917354
SHOP002,Creamy Chocolate Cake,-1.2790351604514125,-1.2333544770280702,0.23588394702924326,-1.1904435400767353,-1.2194045896470758,0.27133302133467385,-1.4494121516202942,1.5007513255543437,1.2789872462586012
SHOP002,Creamy Klepon,-1.1910533014859777,-0.2804614290228217,-0.5738333898667995,-0.6756399889992255,-1.7996670528491177,0.8540825959079285,-0.5493848409854246,1.9743976140852733,0.3285935612917354
SHOP002,Croffle,-1.2916039974464746,-0.2804614290228217,-2.110895674628876,-0.3971079649283804,-1.9968965570342385,1.0844926034789912,0.4116258044108796,1.1915093280567044,0.9621893512696459
SHOP002,Donat Polos,-1.1156402795156048,-1.2333544770280702,1.2664980753120125,0.842148027060687,0.5884858185622305,1.1468049805112106,-1.8376389273568656,-1.130616944061932,-1.8889917036309514
SHOP002,Espresso Arabica (Basic Espresso),-1.0150895835551077,-1.2333544770280702,-0.40379003103425026,-1.022841640476579,0.27686025793162333,0.02853168508162184,0.23111442305976074,-1.130616944061932,-1.5721938086419962
SHOP002,Espresso Arabica (On The Rock),-1.1407779535057292,-1.2333544770280702,1.2933837975237072,-1.5479121768731492,0.30586881302650093,0.5400590574212638,-1.085886807703466,-1.130616944061932,-1.5721938086419962
SHOP002,Espresso Houseblend (Basic Espresso),-1.0779337685304182,0.672431618982427,-1.39120489484788,-0.5400749236938583,-1.6500438383333444,1.4178138092596204,-1.8568784399878633,-1.130616944061932,-1.5721938086419962
SHOP002,Espresso Houseblend (On The Rock),-1.216190975476102,-1.2333544770280702,0.49589841136521545,-0.06401718270892945,-0.2126832294899141,-0.5195421107645802,0.4711988460870847,-1.130616944061932,-1.5721938086419962
SHOP002,Extra Shot (Arabica),-1.304172834441537,-1.2333544770280702,1.8607004278943544,1.0427055142044357,0.4733500241424605,-0.5738497546268607,0.7370365414666421,-1.130616944061932,-2.3641885461143843
SHOP002,Extra Shot (Houseblend),-1.0779337685304182,-1.2333544770280702,2.1021854984122936,0.13654294071284548,0.11438086114511724,0.4764687487963944,-0.8875029958875971,-1.130616944061932,-2.522587493608862
SHOP002,Forbidden Berry,-1.4047235304020342,-1.2333544770280702,2.745227212892057,1.869644294193517,0.8658950849970553,-0.5968638465995065,0.9112269948317857,1.0256431657625158,0.3285935612917354
SHOP002,Friendly Coffee (Gedhe),-0.964814235574859,-0.2804614290228217,0.6824632267119137,-1.0242497938858512,-0.19655272225947876,1.2805147295117376,-0.4563681829870589,-0.3163648746177349,1.2789872462586012
SHOP002,Friendly Coffee (Hot double shot),-1.0905026055254805,-1.2333544770280702,-0.8067416156275246,2.5525261317067574,-0.9150879860693839,0.9223690405947642,-1.004119590666577,0.9121557915612291,0.17019461379725775
SHOP002,Friendly Coffee (Hot),-0.9396765615847348,-1.2333544770280702,2.1916815628853956,-1.1209860574512234,0.7179357928287843,1.3213607193205315,-2.219224295644653,1.0107724063844163,0.17019461379725775
SHOP002,Friendly Coffee (Ice double shot),-1.216190975476102,0.672431618982427,-2.2250997280718035,-0.5507347407947939,0.5562042818275286,2.264040379292765,-1.8521497792849355,1.078234875758234,0.17019461379725775
SHOP002,Friendly Coffee (Ice),-0.9396765615847348,-0.2804614290228217,0.20976485493714755,-0.531024135589291,1.3701645093256496,0.45142804275451576,-0.24838373757045534,0.47542506877282914,0.17019461379725775
SHOP002,Green Apple,-1.1030714425205426,-0.2804614290228217,-1.1599203343723696,-1.281998193918921,0.18923524233511257,-0.8092211498016485,0.6488102079440367,-1.130616944061932,-0.1466032811916975
SHOP002,Green Thai Tea,-1.1030714425205426,-1.2333544770280702,0.5819479604827492,-0.8598694367219031,-0.5272281204834137,1.5115408066217604,-0.9256905133824566,-1.130616944061932,-0.1466032811916975
SHOP002,Green Thai Tea (Gedhe),-0.9271077245896727,-0.2804614290228217,1.5554204795219357,1.1428840792113029,-0.6155592200089854,-0.07802217722988995,-0.680348791394938,-0.06725579401151943,1.2789872462586012
SHOP002,Gula Gula,-1.052796094540294,-2.186247525033319,0.8777867542845958,-0.4399372478971987,0.38942353488734816,0.7968424878616102,-0.6594146560992996,-1.130616944061932,-1.5721938086419962
SHOP002,Happy Moca (Hot),-0.952245398579797,0.672431618982427,2.1920347224404435,1.2962708882300646,0.42805636327462115,0.9882317380164811,-0.7124768740361603,-0.052486889149708144,1.2789872462586012
SHOP002,Happy Moca (Ice),-0.964814235574859,-0.2804614290228217,0.5729545617766132,0.44169423130223767,-0.19655272225947876,0.14638671460798988,-0.09302186268094585,-0.044947518136335886,1.2789872462586012
SHOP002,Hazelnut Latte,-1.0025207465600456,-1.2333544770280702,0.8543840477700775,-0.45855867527494626,0.5781724964365994,0.8952712450841152,-0.5939207185315156,0.8100171547800712,0.17019461379725775
SHOP002,Hazelnut Latte (Gedhe),-1.128209116510667,-1.2333544770280702,-1.3796192118556005,-0.9653686575146602,-0.8248359788849563,1.0536891265309882,-1.5645744599207063,1.2578557929743799,1.2789872462586012
SHOP002,Jasmine (Hot),-1.2413286494662263,-0.2804614290228217,-1.103380182078891,0.8778091822618074,-0.13642992258239867,0.2953126155549471,-1.0509348889425176,-1.130616944061932,-0.1466032811916975
SHOP002,Jasmine (Ice),-1.052796094540294,-0.2804614290228217,1.6490281868824457,0.2327618161239137,-0.3059673760835748,-0.6606602633177971,1.4418491742003965,-1.130616944061932,-0.1466032811916975
SHOP002,Jus Semangka,-1.2664663234563505,-0.2804614290228217,0.8231511123841608,0.7742025261896877,0.3397527555322824,0.22898427311638664,-0.8777277813252411,0.5001680129481547,0.011795666302780127
SHOP002,Lemon Tea (Hot),-1.0779337685304182,-1.2333544770280702,-1.4793509391341721,1.3644790650064935,-2.355813718124729,1.4178138092596204,-1.0813780847076508,-1.130616944061932,-0.1466032811916975
SHOP002,Lemon Tea (Ice),-1.2916039974464746,-1.2333544770280702,1.080629424788509,-1.366510182080939,-2.401055377085715,0.6224404492589457,-1.142689010231941,-1.130616944061932,-0.1466032811916975
SHOP002,Lemons,-1.052796094540294,-1.2333544770280702,0.4322676183806245,3.105582524825845,-0.3059673760835748,1.0618429880760478,-0.46839067152659924,-1.130616944061932,-0.30500222868617516
SHOP002,Matcha Espresso,-0.8768323766094239,0.672431618982427,1.9626241844517924,0.41930861539027353,-1.358325621352906,0.5177086276357357,0.7668977620435243,0.4218903350116705,0.48699250878621303
SHOP002,Matcha Latte (Gedhe),-1.052796094540294,-0.2804614290228217,0.8274872744397509,0.46643622783651273,-0.6536628315690363,0.3993417375399531,-0.46839067152659924,-0.2744548416316365,1.2789872462586012
SHOP002,Matcha Latte (Hot),-1.4172923673970963,-1.2333544770280702,-1.5879186192807389,0.38946112750765566,-1.2905629182526859,0.28417796875517404,0.5402873778526083,-0.042410907328098525,0.3285935612917354
SHOP002,Matcha Latte (Ice),-1.2036221384810397,-2.186247525033319,-0.10734661397115319,-0.13404368805151012,0.13145593888200582,1.0447461816105998,-1.9287998439049796,1.9994380540703311,0.3285935612917354
SHOP002,Matchapresso,-1.2413286494662263,-2.186247525033319,-1.0153457631359872,-2.41927979406484,-0.13642992258239867,0.14638671460798988,2.1696347683162194,0.4732128896917896,0.48699250878621303
SHOP002,Matchapresso (Gedhe),-1.2036221384810397,-1.2333544770280702,0.2991863498963824,0.6275469029434191,2.038172952834537,1.4807147464795138,-3.814391433558078,0.7474160548174258,1.2789872462586012
SHOP002,Moody,-1.3795858564119097,-2.186247525033319,-1.1853100631381202,0.41930861539027353,-0.5272281204834143,1.4569346429412091,-0.02035259861972296,-0.07208925378447584,0.17019461379725775
SHOP002,Nostaltea,-1.128209116510667,-1.2333544770280702,0.09632295635296444,-0.5232436335344877,-1.5523218549776143,1.0536891265309882,-0.7652125552472558,-1.130616944061932,-1.0969969661585632
SHOP002,Not Tiramisu Latte,-1.216190975476102,-0.2804614290228217,-0.3766756792126282,-0.06401718270892945,-1.36601449646608,-0.3730377691826149,0.25998533468962853,1.078234875758234,0.3285935612917354
SHOP002,Not Tiramisu Latte (Gedhe),-1.0905026055254805,-0.2804614290228217,0.8487242256096489,-0.02840370284898816,-0.5595497759489115,1.0578580181480106,-0.02745560939262451,0.6203311150436346,1.2789872462586012
SHOP002,Nutella Meses,-1.3167416714365991,-1.2333544770280702,-1.0890963541310648,-1.2531799297563944,-0.7141316064360738,1.499669901473814,-0.9650530314156177,-1.130616944061932,-1.5721938086419962
SHOP002,Pisang Coklat,-1.1407779535057292,-1.2333544770280702,1.3119082763666179,-0.4618273300806136,2.871807368237038,-0.15839187337647906,1.1293990909070661,0.6746240781166756,0.011795666302780127
SHOP002,Red Apple,-0.952245398579797,-0.2804614290228217,1.2900727328807864,-1.2647468935830966,0.7564354045664468,0.8630926129152193,0.3699923718758042,-1.130616944061932,-0.1466032811916975
SHOP002,Red Liquid,-0.8768323766094239,-1.2333544770280702,1.4993514951642364,0.20812355961703716,2.739844813969068,1.118376428121794,-0.2722727140319606,1.1981439745484717,0.17019461379725775
SHOP002,Shakencano,-0.8014193546390513,-0.2804614290228217,-0.46259178941946794,-0.8929516277248045,-1.1885789169312846,0.891970872553972,-0.6985990631911352,-1.130616944061932,-0.1466032811916975
SHOP002,Sitrus Cafe,-0.964814235574859,-0.2804614290228217,0.628715092094368,-0.8266832136718225,-1.1885789169312853,0.27240093848618474,0.6336707779312831,-0.044947518136335886,0.3285935612917354
SHOP002,Soft Tea,-1.3167416714365991,-1.2333544770280702,2.6967184784389016,-0.765812227007772,1.341806739043178,0.24610231785073522,-0.7391464061818164,-1.130616944061932,-0.6218001236751304
SHOP002,Summer,-1.1533467905007913,-1.2333544770280702,-0.414042645316801,0.5702228799653057,-0.3928912399549399,0.5815295814373793,-0.19379369370334393,0.991951601546509,0.17019461379725775
SHOP002,Sunset,-0.9019700505995485,-1.2333544770280702,0.06558746658877722,0.3332100926519536,0.2860546156889682,0.7108963796839545,-1.0001601420938446,2.5408529726661824,0.17019461379725775
SHOP002,Susu Oat,-1.3293105084316612,-1.2333544770280702,-0.7227098469914711,-1.6666237764062874,-1.0928570911296196,-0.18412427609008006,1.1770966341785842,-1.130616944061932,-1.8889917036309514
SHOP002,Thai Tea,-1.2664663234563505,-0.2804614290228217,1.4173523025442596,-1.697592019762758,0.7371189903728097,0.8346997021779582,-1.5326671570030688,-1.130616944061932,-0.1466032811916975
SHOP002,Thai Tea (Gedhe),-1.216190975476102,-1.2333544770280702,1.8485811691636216,1.5385894109884286,0.9406480374862507,0.945501305055075,0.048771823292172445,2.0248856556811625,1.2789872462586012
SHOP002,Upgrade Beans (Arabica),-1.0276584205501698,-1.2333544770280702,1.6576357921569744,0.09951410236222887,0.3138375663035524,-0.19786953468243831,0.3150845115759217,-1.130616944061932,-2.839385388597817
SHOP002,Vanilla Latte,-0.9271077245896727,-0.2804614290228217,1.8876334128141596,2.115902663454845,0.679963573032734,1.0328018373676162,-0.3244684913690868,0.73026506852629,0.17019461379725775
SHOP002,Vanilla Latte (Gedhe),-1.1156402795156048,-0.2804614290228217,0.13124304894689334,-1.2313479114514492,-0.49441300462913057,0.7341324458261325,0.9387707415471035,1.8321832068418897,1.2789872462586012
SHOP002,WHITE,-1.1910533014859777,-1.2333544770280702,-0.8427300800059552,2.517960107136813,-1.4213743972809354,0.8540825959079285,0.07411744465986723,1.3533947024558322,1.2789872462586012
SHOP002,WHITE (Arabica),-1.2538974864612884,-1.2333544770280702,-0.381199524987952,0.6890148311970583,-0.8854598018926777,0.487675237611433,-1.8310284281451903,0.8100171547800712,1.2789872462586012
SHOP002,WHITE (Houseblend),-0.9271077245896727,-1.2333544770280702,0.9116633993790385,-0.5849059301931177,0.032202176511874264,0.4156773848134459,-0.680348791394938,0.19858449350108373,1.2789872462586012
SHOP002,Waffle,-1.3293105084316612,-1.2333544770280702,1.9002772057065513,2.844417005852942,-0.6780625126557358,1.0804395144068855,-0.19023293960494922,-0.10923057625035151,0.48699250878621303
SHOP003,Air Mineral,-0.022151460945198216,0.672431618982427,-0.1662470663188135,-2.2203825094886125,0.16294300883718502,-0.883114811662944,1.2753603803067595,-1.130616944061932,-2.6809864411033395
SHOP003,Americano (Hot Arabica),-0.08499564592050908,0.672431618982427,1.3447264699790278,-0.7071013572499077,2.5000818632568413,-1.5533262675612667,0.10826858706610343,-1.130616944061932,-0.30500222868617516
SHOP003,Americano (Hot Houseblend),-0.03472029794026031,-0.2804614290228217,-0.32689542391511955,0.8550018109922395,0.18593356785207807,-1.1143362348830668,-0.34250850657777,-1.130616944061932,-0.30500222868617516
SHOP003,Americano (Ice Arabica),-0.29866587483656554,0.672431618982427,0.215616614222444,1.1262228020838445,-0.24210494548420472,-0.6309153092120948,-0.48788291485034385,-1.130616944061932,-0.30500222868617516
SHOP003,Americano (Ice Houseblend),-0.09756448291557118,0.672431618982427,-0.9008189408187767,-0.11087702462990427,-1.2572096599588944,-0.9431607965652635,-0.32782585269008435,-1.130616944061932,-0.30500222868617516
SHOP003,Apple Pie Latte,0.15381225698567152,0.672431618982427,-0.8216176414792505,0.47458174109882384,-0.9534002931944344,-1.8942832815574204,1.2969344272831755,1.0442316149851405,0.3285935612917354
SHOP003,Apple Pie Latte (Gedhe),-0.16040866789088207,0.672431618982427,0.0450744235310821,0.2506498653686344,-0.2572564185517953,-0.5025561001463814,0.44058819226136736,2.244398880011117,1.2789872462586012
SHOP003,BLACK,-0.4117854077921248,-1.2333544770280702,1.019456709792125,-1.035756418887328,1.7485966790577894,-2.455436378406488,1.285556823186369,-1.130616944061932,-0.30500222868617516
SHOP003,BLACK (Arabica),-0.26095936385137924,0.672431618982427,0.15024547154205095,0.3073805358304585,-1.2616930753325568,-1.3271564962691844,1.567598631381419,-1.130616944061932,-0.30500222868617516
SHOP003,BLACK (Houseblend),-0.07242680892544699,0.672431618982427,-1.2049901399804726,-1.0077743989973735,-0.1857362372708452,-1.3999373597104106,1.3900763185685427,-1.130616944061932,-0.30500222868617516
SHOP003,Banana Bread (Chocolate),-0.29866587483656554,-0.2804614290228217,-0.13160753281891446,0.9538904879147656,-1.207137230096914,-1.4583658506979917,0.8375896311643061,-1.130616944061932,-1.5721938086419962
SHOP003,Banana Bread (Original),-0.047289134935322795,1.6253246669876755,-0.15541683996400638,0.15594842819070867,-0.22870171930902827,-1.0974203470045556,0.18958083089047603,-1.130616944061932,-1.5721938086419962
SHOP003,Basic Latte (Hot Arabica),-0.23582168986125465,0.672431618982427,-0.3321263495694823,1.0238836436695686,-0.8266456452433957,-0.9131358642683683,1.3097480107396733,0.9934601790487182,0.17019461379725775
SHOP003,Basic Latte (Hot Houseblend),-0.3992165707970627,-0.2804614290228217,-0.1609207254885804,1.0489040629142368,-0.29856960043494796,-1.4133744500971042,0.3891850890019031,1.1403378524553058,0.17019461379725775
SHOP003,Basic Latte (Ice Arabica),-0.47462959276743566,-1.2333544770280702,0.6004477780459335,-1.1493184850100606,0.11050300466274696,-1.302776859991242,1.0619003697206315,0.1489220222075206,0.17019461379725775
SHOP003,Basic Latte (Ice Houseblend),-0.17297750488594416,-0.2804614290228217,0.952787405563354,0.14332156990031875,1.6012941030357046,-0.7442769260068185,0.11951809652724343,0.7534938315128282,0.17019461379725775
SHOP003,Berry Cake,-0.09756448291557118,-0.2804614290228217,-0.7615171163275978,-0.8069098358382778,0.7502395735986761,-0.8581606361191231,0.8976110294744031,0.15093387592807,0.3285935612917354
SHOP003,Biru,-0.3489412228168139,-1.2333544770280702,0.2928835132472734,-0.16466397361745988,-0.14660695898607215,-0.8262855759518206,0.6857125686001274,0.48657813830640384,0.3285935612917354
SHOP003,Biru (Gedhe),-0.21068401587113045,-0.2804614290228217,-0.7184525522939429,-1.1754836293182078,0.531584730972537,-1.6612656003343804,0.9290015308894533,0.20775139996703562,1.2789872462586012
SHOP003,Black Rice (Hot),-0.42435424478718686,-0.2804614290228217,-0.8188555447310638,1.1654958124557102,-0.5041163991021714,-0.3116004646482421,0.23613864791894806,-0.29593561122666184,0.17019461379725775
SHOP003,Black Rice (Ice),-0.4117854077921248,-0.2804614290228217,-1.6446906836016724,0.7490192373494206,-0.7800975426546589,-1.2027067410291465,0.8687772204822971,0.11470975038213427,0.17019461379725775
SHOP003,Burnt Sugar,-0.19811517887606836,-0.2804614290228217,0.8789231277888196,-0.7963341030077221,0.041728079401886095,-2.029829514425725,1.2508251896276963,-1.130616944061932,-1.5721938086419962
SHOP003,Butterscotch,0.15381225698567152,-0.2804614290228217,-0.5043014679963748,-0.9522955965565989,-0.5457573453838934,-1.1175576774806208,-0.38275923016642355,1.2115276579887615,0.17019461379725775
SHOP003,Butterscotch Latte (Gedhe),-0.2735282008464413,0.672431618982427,0.17384437158574934,0.6807464654569949,-0.5272281204834143,0.055376441807072324,-0.466461136328896,0.6335958730671618,1.2789872462586012
SHOP003,Candy Latte,-0.23582168986125465,-0.2804614290228217,0.08670435680141723,-0.09369508259221432,1.2906639941307583,-0.4648763116668321,0.7927477738861974,-0.16512734264800008,0.17019461379725775
SHOP003,Candy Latte (Gedhe),-0.42435424478718686,-0.2804614290228217,0.032795740141219686,-0.3766243948128582,0.25857040647884044,-1.9585928208196932,3.3089545717980733,0.9560863880262435,1.2789872462586012
SHOP003,Cappuccino (Hot Arabica),0.053261561025174375,-0.2804614290228217,1.164081854004931,-0.1646639736174592,1.5070160703763325,-1.1480718976407804,2.096788549878224,1.4684465811728937,0.011795666302780127
SHOP003,Cappuccino (Hot Houseblend),-0.07242680892544699,-0.2804614290228217,1.1007071778078448,0.8457012994276655,0.47715977131825893,-1.3157315932871314,-0.3095015628633263,-0.7678815984839876,0.011795666302780127
SHOP003,Cappuccino (Ice Arabica),-0.6254556367081812,-1.2333544770280702,-0.31545277404620126,2.032686338775002,-0.6536628315690363,-1.1641612137252284,0.8687772204822971,0.46755231380795287,0.011795666302780127
SHOP003,Cappuccino (Ice Houseblend),-0.3992165707970627,-0.2804614290228217,-0.45085121134759804,-0.14447726683694462,-0.04704522838163556,-1.2216719605802766,0.9419353422335436,0.31453610826721917,0.011795666302780127
SHOP003,Chamomile,-0.33637238582175183,-1.2333544770280702,0.10723032482901326,-0.20877701091660456,1.2991966178933492,-1.0334459410805943,1.1617466475989762,-1.130616944061932,-0.30500222868617516
SHOP003,Chocolate (Gedhe),0.09096807201036104,0.672431618982427,-1.158203936892032,-0.9185299686974617,0.798386912044257,-0.7196141190923747,1.003419676568781,0.06624990103886286,1.2789872462586012
SHOP003,Chocolate (Hot),-0.022151460945198216,-0.2804614290228217,-1.3250812862831787,0.5076728887269697,-0.7047006965944259,-1.7097218765520157,0.6795057495295307,0.11566183501091408,0.48699250878621303
SHOP003,Chocolate (Ice),-0.18554634188100624,-0.2804614290228217,-2.0051814050914576,-0.4070060659238004,-1.3660144964660796,-1.4278690285727667,1.6962372121923324,0.005363991845582051,0.48699250878621303
SHOP003,Cold Brew,-0.7260063326686784,-0.2804614290228217,-0.05215740056239165,0.49854973366270944,-0.44762108017024416,-1.0974203470045556,0.5103124593088357,0.0673053391738723,0.3285935612917354
SHOP003,Creamy Chocolate Cake,-0.022151460945198216,0.672431618982427,1.0096060807745342,0.6565071945898817,0.8136757879108929,-1.87504328952983,2.2287277895503226,0.4717414861745844,1.2789872462586012
SHOP003,Creamy Klepon,0.11610574600048525,0.672431618982427,1.4369890533786318,0.18439783112893166,0.12979068384798648,-0.6762825635487791,-1.260014083576782,1.242210775046194,0.3285935612917354
SHOP003,Croffle,-0.512336103752622,0.672431618982427,0.8580138553111049,-0.22275943789858965,-1.1276164133481013,-1.4460388407689657,0.6894921399894846,0.6040280604895792,0.9621893512696459
SHOP003,Donat Polos,-0.22325285286619254,-0.2804614290228217,-2.2370244416315503,-0.13647219345846573,-0.3782604905904536,-1.4674687169409613,0.7326017067275022,-1.130616944061932,-1.8889917036309514
SHOP003,Espresso Arabica (Basic Espresso),-0.33637238582175183,-0.2804614290228217,-0.7271311686350158,0.2711685100905183,-0.6608689549987872,-1.6870223043037667,0.8925314983566228,-1.130616944061932,-1.5721938086419962
SHOP003,Espresso Arabica (On The Rock),-0.23582168986125465,-0.2804614290228217,-0.280292631721707,0.37167964536482123,0.34963748774224473,-0.5545282221871394,0.1464974778193533,-1.130616944061932,-1.5721938086419962
SHOP003,Espresso Houseblend (Basic Espresso),-0.2860970378415034,-0.2804614290228217,-0.3584419293998911,-0.07285740820607763,1.4148603858368567,-1.749583638564433,1.1713126681304307,-1.130616944061932,-1.5721938086419962
SHOP003,Espresso Houseblend (On The Rock),-0.3489412228168139,0.672431618982427,-2.6392163189235616,-0.005527890968150332,0.8385301648894022,-0.9201399197777674,1.3622558472951038,-1.130616944061932,-1.5721938086419962
SHOP003,Extra Shot (Arabica),-0.05985797193038489,-0.2804614290228217,-0.017486171459569516,0.7974440193085686,3.0917449586836567,-1.2479753254209578,2.2974589283562543,-1.130616944061932,-2.3641885461143843
SHOP003,Extra Shot (Houseblend),-0.16040866789088207,-1.2333544770280702,-0.2583310659005613,-1.173514055268639,-0.7141316064360731,-1.373089144329075,0.06407715020503181,-1.130616944061932,-2.522587493608862
SHOP003,Forbidden Berry,-0.23582168986125465,-0.2804614290228217,0.3262533539834195,-0.8276753582291477,-0.12087576545201142,-1.092439685308983,0.7927477738861974,1.1865580993315046,0.3285935612917354
SHOP003,Friendly Coffee (Gedhe),-0.21068401587113045,-0.2804614290228217,0.7825292559131354,1.084388508426859,-0.6331094056290094,-1.1286537575388607,0.545071552043831,0.9725333108407316,1.2789872462586012
SHOP003,Friendly Coffee (Hot double shot),-0.2860970378415034,-0.2804614290228217,1.0761987457111615,-0.8226330893145279,1.4148603858368567,-1.475166876921056,0.9075638163346228,0.4455325778402024,0.17019461379725775
SHOP003,Friendly Coffee (Hot),0.06583039802023648,0.672431618982427,0.24981412947836132,-1.1039729407492271,1.0585441225549257,-1.5646064140492675,0.6514343758129141,-0.44061370891810875,0.17019461379725775
SHOP003,Friendly Coffee (Ice double shot),0.015555050039988078,-0.2804614290228217,1.0428632503018134,-0.8501196040076335,0.30918612208301116,-0.6096986286611742,-0.5418614348237911,0.09874402353028708,0.17019461379725775
SHOP003,Friendly Coffee (Ice),0.09096807201036104,-0.2804614290228217,0.28672590324906555,-0.6664607791420682,1.6316306467759356,-0.4814638898247745,0.20229706285420063,0.06624990103886286,0.17019461379725775
SHOP003,Green Apple,-0.05985797193038489,-0.2804614290228217,0.13699927161578673,-1.040622857129059,1.772119416003951,-1.5832317722038742,0.24328473146285304,-1.130616944061932,-0.1466032811916975
SHOP003,Green Thai Tea,-0.24839052685631674,-0.2804614290228217,0.8122116578581291,0.2605453819720955,1.3212473555883844,-1.9750627443814077,2.0225620873014027,-1.130616944061932,-0.1466032811916975
SHOP003,Green Thai Tea (Gedhe),-0.009582623950136118,-0.2804614290228217,-1.642726335293179,0.610764540953115,-0.9394399182694162,-1.2299878219976736,1.3363062420848855,0.28719792267195143,1.2789872462586012
SHOP003,Gula Gula,-0.22325285286619254,-0.2804614290228217,-0.2006601105612132,1.4805526289944493,-0.14416850075865786,-0.48617973594888536,1.1184323290327556,-1.130616944061932,-1.5721938086419962
SHOP003,Happy Moca (Hot),-0.12270215690569539,0.672431618982427,0.4051662422353044,0.41930861539027353,0.12782409695066688,-1.0783515279415061,1.5091623878117286,0.7176060072161661,1.2789872462586012
SHOP003,Happy Moca (Ice),0.00298621304492598,-0.2804614290228217,-0.31087571409863385,-1.4461593772733181,0.11758890605326001,-1.0003427226835766,0.9243478341761733,0.10433202792843346,1.2789872462586012
SHOP003,Hazelnut Latte,-0.23582168986125465,-0.2804614290228217,-0.3995818684555913,0.5312366949500886,-1.0619022718405238,-1.6303511484308262,2.085248366019886,0.6072643384831453,0.17019461379725775
SHOP003,Hazelnut Latte (Gedhe),-0.08499564592050908,-1.2333544770280702,0.15246358520894895,-0.5708243961004023,-0.3859536545755358,-1.6379273662212748,0.10826858706610343,0.5093555338327185,1.2789872462586012
SHOP003,Jasmine (Hot),-0.11013331991063328,-1.2333544770280702,-0.9119630867780709,-0.7717209491564807,-1.464402945781582,0.09980325743974812,-0.15243156908170755,-1.130616944061932,-0.1466032811916975
SHOP003,Jasmine (Ice),0.24179411595110661,-0.2804614290228217,-0.7194797049874749,-0.1923913542970903,-1.0668239585894177,-2.0538532696752902,1.7959229196636017,-1.130616944061932,-0.1466032811916975
SHOP003,Jus Semangka,-0.17297750488594416,-1.2333544770280702,0.952758996225748,-0.588785346208064,1.1422010744335425,-1.6190358587535059,2.2634377680422006,1.6955492193002084,0.011795666302780127
SHOP003,Lemon Tea (Hot),-0.022151460945198216,-0.2804614290228217,0.5360728693766829,0.9601691340685762,0.8136757879108929,-0.8004541051740369,-0.15469073355858773,-1.130616944061932,-0.1466032811916975
SHOP003,Lemon Tea (Ice),-0.19811517887606836,-0.2804614290228217,0.30107720089111517,-1.987145095145759,-0.6536628315690369,-1.1464945137109326,0.8687772204822971,-1.130616944061932,-0.1466032811916975
SHOP003,Lemons,0.028123887035050178,-0.2804614290228217,-1.2334485877236119,-0.35932150328670387,-0.13995062706799422,-1.0342870947012162,0.2285887316440609,-1.130616944061932,-0.30500222868617516
SHOP003,Matcha Espresso,-0.047289134935322795,-0.2804614290228217,-0.8593815530264711,0.7498344879159028,-0.4476210801702447,-0.9305681802028725,-0.41179097239394824,0.48657813830640384,0.48699250878621303
SHOP003,Matcha Latte (Gedhe),-0.3992165707970627,-0.2804614290228217,0.11171909084641053,0.8704915717554207,0.45600351572498926,-0.45486200251296766,0.5273726523098128,1.3467882885023272,1.2789872462586012
SHOP003,Matcha Latte (Hot),-0.24839052685631674,-1.2333544770280702,-0.6778502974332037,0.41930861539027353,-0.09735010279229885,-1.434461723943955,1.243184230244788,0.4218903350116705,0.3285935612917354
SHOP003,Matcha Latte (Ice),-0.08499564592050908,0.672431618982427,-2.1430728111098274,-0.29296098180855223,-0.3859536545755358,-1.6379273662212748,1.2059838786951373,0.32713636962220183,0.3285935612917354
SHOP003,Matchapresso,-0.08499564592050908,-0.2804614290228217,-0.4661972484062984,0.8946196381785307,-1.0519618509983917,-0.8765174782812004,-0.5015732416166934,1.0560130264642686,0.48699250878621303
SHOP003,Matchapresso (Gedhe),-0.47462959276743566,-0.2804614290228217,-0.4892770279640415,1.22009487565562,-0.14931337965605915,-1.6988215636084236,2.061102750562445,1.4284609884769734,1.2789872462586012
SHOP003,Moody,-0.524904940747684,-0.2804614290228217,-0.3708564880626847,-0.5105554301835774,0.22143584291122598,-1.4273751937135013,0.1733640631614578,1.4859683577475105,0.17019461379725775
SHOP003,Nostaltea,-0.29866587483656554,-0.2804614290228217,-0.05208308232097535,0.12942294171017618,-0.965879158943737,-1.4583658506979917,1.2352313949687,-1.130616944061932,-1.0969969661585632
SHOP003,Not Tiramisu Latte,-0.4117854077921248,-1.2333544770280702,1.4967253132271077,-0.26055083082490177,1.7485966790577894,-1.106342922769351,0.17414454930884432,1.1524819957521892,0.3285935612917354
SHOP003,Not Tiramisu Latte (Gedhe),-0.047289134935322795,-0.2804614290228217,-0.2523421589999367,-1.9384663149821713,-0.8854598018926777,-1.180846430405397,-0.05096789042329338,1.0256431657625158,1.2789872462586012
SHOP003,Nutella Meses,-0.38664773380200057,-0.2804614290228217,-2.3843833716498324,0.3014895842746777,-2.324072744694958,-1.1450923946621794,0.32703724306977305,-1.130616944061932,-1.5721938086419962
SHOP003,Pisang Coklat,0.00298621304492598,-0.2804614290228217,0.3689887931598799,0.13231353959587516,2.266978994508841,-0.5907964950794454,0.3339100636787388,0.45717459135425237,0.011795666302780127
SHOP003,Red Apple,-0.09756448291557118,0.672431618982427,-1.0231366582469927,1.1033135460335903,1.419389318117866,-1.1131611174575442,0.28489258839215936,-1.130616944061932,-0.1466032811916975
SHOP003,Red Liquid,-0.03472029794026031,-0.2804614290228217,0.5042986625631034,0.8550018109922395,0.4038440837323676,-0.6991280778650543,1.0941327045864953,0.8368461976212049,0.17019461379725775
SHOP003,Shakencano,-0.08499564592050908,-0.2804614290228217,1.0983921562622965,2.5755701480867192,0.5020572739882726,-1.1303207742612253,0.5961420500123406,-1.130616944061932,-0.1466032811916975
SHOP003,Sitrus Cafe,-0.3615100598118764,-1.2333544770280702,-0.30415777127236576,-0.2782141992578519,0.12546625192718122,-1.0886846314652003,0.2046938395594053,0.698252887307495,0.3285935612917354
SHOP003,Soft Tea,-0.3238035488266897,-1.2333544770280702,-2.127110314542686,0.22323022784023144,-0.9260840131865116,-1.610017725426221,1.7667868799168431,-1.130616944061932,-0.6218001236751304
SHOP003,Summer,0.015555050039988078,-0.2804614290228217,1.0157658623862134,-2.177422830397445,0.9510854245177095,-0.5281600132105784,-0.5418614348237911,0.9768590003818723,0.17019461379725775
SHOP003,Sunset,-0.3615100598118764,-0.2804614290228217,-0.9553477833468745,1.0564376836538385,-0.36968120300499446,-1.3717218149403063,1.4288475417425688,0.49504512826644764,0.17019461379725775
SHOP003,Susu Oat,-0.13527099390075747,0.672431618982427,-0.2948560042821484,-0.5609765258525543,-0.3009765322249325,0.060166456165015515,-0.6667265789537569,-1.130616944061932,-1.8889917036309514
SHOP003,Thai Tea,-0.14783983089581995,-0.2804614290228217,1.214766061953728,0.6680376810787519,-0.9612395806523293,-1.302776859991242,0.38387018272082934,-1.130616944061932,-0.1466032811916975
SHOP003,Thai Tea (Gedhe),-0.3238035488266897,-0.2804614290228217,-0.43674486265673484,-1.1446179757194768,1.5113686644435278,-1.5171309521551806,0.29373594733561453,2.2704943631869394,1.2789872462586012
SHOP003,Upgrade Beans (Arabica),0.11610574600048525,-0.2804614290228217,-0.5174456564691059,-0.3493540996590609,-0.28319256458889447,-1.7779440316891488,1.122363645417235,-1.130616944061932,-2.839385388597817
SHOP003,Vanilla Latte,-0.022151460945198216,-0.2804614290228217,-0.26161884933579516,-0.8796098387606716,1.030586714268796,-1.6270611700631086,1.0370185279958681,1.0058609629200899,0.17019461379725775
SHOP003,Vanilla Latte (Gedhe),-0.14783983089581995,-0.2804614290228217,-0.13402446216416436,1.8245370594989059,0.8574751095793163,-2.1691246491538267,2.3822749444044553,1.10857624690961,1.2789872462586012
SHOP003,WHITE,-0.009582623950136118,-0.2804614290228217,-0.1863353893962783,1.2209556716970604,0.7879238057862099,-1.0654213013165617,1.6921865421107365,0.10997106433021601,1.2789872462586012
SHOP003,WHITE (Arabica),-0.08499564592050908,0.672431618982427,0.4332984155715719,-0.5708243961004023,0.5020572739882726,-1.6379273662212748,1.4499206101682567,0.8737938622537521,1.2789872462586012
SHOP003,WHITE (Houseblend),-0.16040866789088207,-0.2804614290228217,-0.017809258044103656,0.7167398757590138,0.4280563632746223,-1.373089144329075,0.3150845115759217,1.1193936053201006,1.2789872462586012
SHOP003,Waffle,0.07839923501529895,-0.2804614290228217,0.39170298785294777,0.4476448380636448,1.2417389434667536,-1.259842810262831,0.7132532684408074,1.1019709572607264,0.48699250878621303
